5.988100000000000200e+00,7.322400000000000020e+00,3.140945673694468532e-01,6.815093000000000956e+00,3.940399999999999903e+00,6.438500000000000334e+00,8.140145678647280336e-01,4.748547999999999547e+00,-6.109499999999999709e+00,-4.710300000000000153e+00,2.699014792012077724e-01,-5.502235000000000653e+00,6.113000000000000433e+00,7.007900000000000240e+00,2.947941264950846296e-01,6.743672000000000111e+00,9.963372456260882970e+00,3.848399999999999821e+00,5.814000000000000057e+00,6.570798681012833820e-01,4.513644000000000212e+00,-5.678799999999999848e+00,-4.947000000000000064e+00,2.398912853335860296e-01,-5.453811000000000853e+00,-6.452999999999999847e-01,3.946000000000000063e-01,1.580572882818125358e-01,-4.913900000000000212e-02,9.777226018970873511e+00,-3.438999999999999835e-01,1.208099999999999952e+00,3.022969297545047840e-01,1.439690000000000136e-01,-2.260000000000000064e-01,7.647000000000000464e-01,1.276583748721563660e-01,5.958500000000000602e-02,-4.045000000000000262e-01,1.622999999999999998e-01,5.496176193500350304e-02,3.645000000000001104e-03,1.633771296938465734e-01,-1.170000000000000068e-01,1.013000000000000012e-01,2.868581503112644857e-02,1.403999999999999866e-03,-9.199999999999999845e-02,1.159000000000000030e-01,2.183200629809363066e-02,3.490000000000000806e-04,6.040999999999999659e+01,6.389000000000000057e+01,7.034456553281142055e-01,6.217110000000000269e+01,3.921612168483770873e-03,-7.748999999999999488e+01,-6.796999999999999886e+01,2.128561166609971078e+00,-7.206560000000000343e+01,-2.279999999999999805e+00,6.660000000000000142e+00,1.487246351483169748e+00,4.212699999999999889e+00,1.515800000000000125e+02,1.584799999999999898e+02,1.264225596956492836e+00,1.533942000000000121e+02,9.527036905491655716e+01,-3.635999999999999943e+01,-2.292999999999999972e+01,4.421145163868745342e+00,-2.745120000000000005e+01,-1.295000000000000000e+02,-1.274399999999999977e+02,2.854710318053313989e-01,-1.289726999999999748e+02,2.022802667596866684e+02
5.080400000000000027e+00,8.647000000000000242e+00,5.542343011073926906e-01,6.847625999999999991e+00,2.692699999999999871e+00,6.050799999999999734e+00,6.638086992643286166e-01,4.776090999999999198e+00,-6.601799999999999891e+00,-3.738100000000000200e+00,4.304598246061994149e-01,-5.439980000000002036e+00,6.235699999999999577e+00,7.342699999999999783e+00,3.076469920802086255e-01,6.682591999999999643e+00,9.964658021054063397e+00,4.071500000000000341e+00,5.623499999999999943e+00,5.579184767141164292e-01,4.798370999999999498e+00,-5.689199999999999591e+00,-4.998199999999999754e+00,2.010425105394378908e-01,-5.295533999999999963e+00,-2.401100000000000012e+00,1.831900000000000084e+00,5.611967976565795935e-01,6.434999999999999054e-02,9.783868377960784457e+00,-1.262399999999999967e+00,5.443999999999999950e-01,3.157454307048638831e-01,-1.099170000000000147e-01,-9.949000000000000066e-01,1.040300000000000002e+00,2.925371476650444058e-01,-7.389399999999998747e-02,-2.711000000000000076e-01,2.021999999999999909e-01,5.613075494771115753e-02,4.456999999999999157e-03,1.472514605190725634e-01,-2.159000000000000086e-01,2.713999999999999746e-01,7.402240785059617523e-02,4.255999999999998500e-03,-1.340000000000000080e-01,1.313999999999999890e-01,4.286489127479504307e-02,-4.564000000000000348e-03,5.935999999999999943e+01,6.898999999999999488e+01,1.928035837322532808e+00,6.426590000000000202e+01,7.668668789301046410e-03,-7.770000000000000284e+01,-6.648000000000000398e+01,2.116984825169986983e+00,-7.152450000000000330e+01,8.499999999999999778e-01,9.400000000000000355e+00,1.612011712116261375e+00,4.826800000000000423e+00,1.495999999999999943e+02,1.562500000000000000e+02,1.526786884276911671e+00,1.528591000000000122e+02,9.627646649778957055e+01,-3.499000000000000199e+01,-2.453000000000000114e+01,3.775006589398222090e+00,-2.938250000000000384e+01,-1.305200000000000102e+02,-1.243499999999999943e+02,1.206848109747039155e+00,-1.283858000000000175e+02,2.017725189432397315e+02
6.038299999999999557e+00,9.360699999999999577e+00,4.862918320309318476e-01,7.395210000000000505e+00,2.012199999999999989e+00,5.078500000000000014e+00,6.852716973989221305e-01,3.262312000000000101e+00,-6.605299999999999727e+00,-5.139899999999999913e+00,2.882187216178018763e-01,-5.829946999999999768e+00,6.995800000000000018e+00,7.589500000000000135e+00,1.688056493604405406e-01,7.215311999999999948e+00,9.965946646066946357e+00,2.119099999999999984e+00,4.111399999999999721e+00,5.730627071961671426e-01,3.312339000000000144e+00,-5.975699999999999790e+00,-5.437400000000000233e+00,1.354595172145537929e-01,-5.723886000000000251e+00,-7.459999999999999964e-01,1.639199999999999990e+00,2.883382392590341237e-01,-4.759000000000004546e-03,9.787501614266073346e+00,-8.054000000000000048e-01,1.119199999999999973e+00,2.255578122876704950e-01,-1.230540000000000106e-01,-6.905999999999999917e-01,8.078999999999999515e-01,2.223582222698319566e-01,-1.091699999999999962e-02,-1.879000000000000115e-01,1.754999999999999893e-01,4.760888387685643236e-02,2.323999999999999243e-03,1.236289443698360135e-01,-2.116000000000000103e-01,1.635000000000000064e-01,5.162374076914612309e-02,-4.670000000000006720e-04,-1.799999999999999933e-01,1.855999999999999872e-01,3.849419260096255402e-02,1.055999999999999864e-03,6.128999999999999915e+01,6.545999999999999375e+01,9.273079315955407020e-01,6.317600000000000193e+01,2.595033911146441344e-03,-7.287000000000000455e+01,-5.971000000000000085e+01,3.925856976508440788e+00,-6.610899999999999466e+01,-7.000000000000000666e-02,6.400000000000000355e+00,1.527885005489614922e+00,3.827899999999999636e+00,1.482299999999999898e+02,1.548300000000000125e+02,1.633619184510270106e+00,1.514993999999999801e+02,9.152190817181423199e+01,-2.505999999999999872e+01,-1.248000000000000043e+01,3.516113222010918360e+00,-1.982909999999999684e+01,-1.305300000000000011e+02,-1.271899999999999977e+02,6.297496248510192629e-01,-1.284171000000000333e+02,1.995901124293986584e+02
6.486299999999999955e+00,8.230000000000000426e+00,3.195934607966814944e-01,7.332596000000000558e+00,2.058899999999999952e+00,5.254100000000000215e+00,8.795965448152919253e-01,3.749592999999999954e+00,-6.355400000000000382e+00,-4.730000000000000426e+00,2.899607092348892579e-01,-5.550070000000000725e+00,7.021600000000000286e+00,7.631899999999999906e+00,2.277781500034627982e-01,7.247190999999999050e+00,9.931248097281883958e+00,2.087499999999999911e+00,4.405899999999999928e+00,8.644778405928054132e-01,3.554682000000000119e+00,-5.858500000000000263e+00,-5.150500000000000078e+00,2.053528598559075657e-01,-5.492856999999999879e+00,-4.268000000000000127e-01,5.051999999999999824e-01,1.242562324553581343e-01,-3.996399999999999259e-02,9.763658102066761657e+00,-1.932000000000000106e-01,1.015500000000000069e+00,2.262860617802165963e-01,1.194379999999999886e-01,-4.082999999999999963e-01,5.805000000000000160e-01,1.097377120410299167e-01,2.313400000000000178e-02,-3.003000000000000114e-01,2.369999999999999885e-01,4.913833265384571353e-02,-7.919999999999999523e-04,1.280536570973277999e-01,-1.355000000000000093e-01,1.423999999999999988e-01,2.381992735085478735e-02,-8.689999999999995471e-04,-8.630000000000000171e-02,1.806000000000000105e-01,2.773075684145674333e-02,1.004999999999999817e-03,6.325000000000000000e+01,6.648999999999999488e+01,6.114979231362936973e-01,6.508769999999999811e+01,1.546754667036760907e-03,-7.529000000000000625e+01,-6.359000000000000341e+01,2.188895557124642899e+00,-6.761319999999999197e+01,1.620000000000000107e+00,7.639999999999999680e+00,9.484474629624985997e-01,5.472899999999999210e+00,1.482599999999999909e+02,1.550900000000000034e+02,1.548284134130425205e+00,1.513731999999999971e+02,9.401013849548357371e+01,-2.642999999999999972e+01,-1.228999999999999915e+01,5.375222312611823483e+00,-2.130029999999999646e+01,-1.277300000000000040e+02,-1.263299999999999983e+02,3.285164227249543489e-01,-1.271563999999999766e+02,1.988373670095487569e+02
5.391600000000000392e+00,7.986299999999999955e+00,4.177673120960996855e-01,6.788411999999999225e+00,3.838499999999999801e+00,6.523699999999999832e+00,5.328364602614953371e-01,5.081404000000000920e+00,-6.518799999999999706e+00,-4.253599999999999604e+00,3.298559748678201453e-01,-5.348537999999999570e+00,6.291500000000000092e+00,7.088099999999999845e+00,2.039294757777795897e-01,6.658347000000000016e+00,1.002547070368289361e+01,4.145699999999999719e+00,5.286400000000000432e+00,3.345385483019857054e-01,4.880810000000000315e+00,-5.450800000000000090e+00,-5.123199999999999754e+00,8.562879443271405322e-02,-5.277657999999999738e+00,-1.038799999999999946e+00,5.652000000000000357e-01,2.992435143407455866e-01,-1.815500000000000794e-02,9.798447070504234802e+00,-4.969000000000000083e-01,1.292499999999999982e+00,3.172372602643012129e-01,9.132999999999999452e-02,-9.553000000000000380e-01,9.301000000000000378e-01,2.808198726301256443e-01,4.024400000000000893e-02,-1.057000000000000023e-01,7.660000000000000142e-02,3.149656647953869015e-02,5.099999999999999282e-04,1.014413745027145514e-01,-2.626999999999999891e-01,2.111999999999999988e-01,5.569786368434609392e-02,-3.408999999999999270e-03,-1.328000000000000014e-01,1.057000000000000023e-01,3.630076003336569351e-02,-4.038999999999999188e-03,5.192999999999999972e+01,6.528000000000000114e+01,3.834237733891835642e+00,6.063700000000000045e+01,5.309887192775375638e-03,-8.168000000000000682e+01,-6.565999999999999659e+01,4.280250805735570374e+00,-7.279519999999999413e+01,-5.070000000000000284e+00,1.685999999999999943e+01,4.933884064304713490e+00,4.770199999999999996e+00,1.475600000000000023e+02,1.619300000000000068e+02,3.402756639843643072e+00,1.540404999999999802e+02,9.486169785577314428e+01,-3.261999999999999744e+01,-2.505000000000000071e+01,2.232510954060471953e+00,-2.986219999999999430e+01,-1.312400000000000091e+02,-1.269899999999999949e+02,8.166287957205538017e-01,-1.283821000000000367e+02,2.027367510578681618e+02
3.419200000000000017e+00,1.193130000000000024e+01,9.871272492819759270e-01,6.876764999999998906e+00,2.751300000000000079e+00,7.694600000000000328e+00,1.016456404336162356e+00,4.772121999999999531e+00,-6.857700000000000351e+00,-3.460999999999999854e+00,5.198046267772151730e-01,-5.424259000000001940e+00,6.212200000000000166e+00,7.350799999999999557e+00,3.030985040477764958e-01,6.899361999999999995e+00,9.974248390088847671e+00,3.766999999999999904e+00,5.247600000000000264e+00,5.124234668670044623e-01,4.310101999999999656e+00,-5.693299999999999805e+00,-5.070800000000000196e+00,1.477845635342203423e-01,-5.442059000000001312e+00,-1.641000000000000014e+00,2.068700000000000205e+00,5.675882642646868925e-01,-9.346299999999999053e-02,9.787450199971850395e+00,-5.201000000000000068e-01,2.264400000000000190e+00,6.120695979012517052e-01,3.756950000000000567e-01,-8.380999999999999561e-01,1.346400000000000041e+00,3.828358768597843742e-01,1.040830000000000088e-01,-1.801999999999999991e-01,1.917999999999999983e-01,4.615428659398821548e-02,-2.872999999999999252e-03,4.008931731558920686e-01,-2.877000000000000113e-01,2.175999999999999879e-01,7.040841995102574413e-02,-9.280000000000000054e-03,-7.850000000000000033e-02,1.471999999999999975e-01,3.577099322076478238e-02,2.037999999999999447e-03,4.971999999999999886e+01,6.665000000000000568e+01,3.909263985713934630e+00,6.047970000000000823e+01,9.926025035229359139e-03,-8.437000000000000455e+01,-6.492000000000000171e+01,4.441725223378861998e+00,-7.485520000000001062e+01,-8.199999999999999289e+00,1.969000000000000128e+01,6.159954899185545507e+00,2.494199999999999751e+00,1.450800000000000125e+02,1.644699999999999989e+02,4.372863821341798740e+00,1.556160000000000139e+02,9.626690040076080379e+01,-3.235000000000000142e+01,-2.258999999999999986e+01,3.355885015908619984e+00,-2.611239999999999739e+01,-1.319300000000000068e+02,-1.255499999999999972e+02,1.363262920349556984e+00,-1.282939000000000078e+02,2.033654878954883714e+02
5.037099999999999689e+00,9.501599999999999824e+00,6.838884481105087509e-01,6.919929000000000663e+00,3.413100000000000023e+00,5.935900000000000176e+00,4.056584830359152849e-01,4.464879000000000708e+00,-6.911400000000000432e+00,-3.656800000000000050e+00,5.248360082644863978e-01,-5.575222999999999374e+00,6.275599999999999845e+00,7.067800000000000082e+00,1.938628939121667116e-01,6.739142000000000188e+00,9.945032596699268979e+00,4.245499999999999829e+00,5.174000000000000377e+00,2.496498166151940867e-01,4.502892000000000117e+00,-5.852299999999999613e+00,-5.110400000000000276e+00,1.678155707435993182e-01,-5.509103999999999779e+00,-2.382000000000000117e+00,2.173000000000000043e+00,5.921498610791021688e-01,1.760319999999999385e-01,9.800117251474288693e+00,-9.893999999999999462e-01,7.756999999999999451e-01,3.130758672829958011e-01,-7.200500000000001344e-02,-8.591999999999999638e-01,1.407899999999999929e+00,3.901163223181003947e-01,-5.580999999999997421e-03,-1.197000000000000008e-01,1.380000000000000115e-01,3.840506430146940764e-02,-6.939999999999996302e-04,1.902712080426253727e-01,-4.578999999999999737e-01,2.921000000000000263e-01,9.456846943352736901e-02,-8.566999999999998228e-03,-1.055999999999999994e-01,1.872000000000000053e-01,3.812029605079162581e-02,-5.422999999999999869e-03,5.920000000000000284e+01,6.456999999999999318e+01,1.157627643070084478e+00,6.200680000000000547e+01,1.016287626609711087e-02,-7.864000000000000057e+01,-6.895999999999999375e+01,1.698702596100918782e+00,-7.337569999999999482e+01,-2.169999999999999929e+00,5.900000000000000355e+00,1.675264886517950025e+00,2.236600000000000144e+00,1.521100000000000136e+02,1.576800000000000068e+02,1.357359830700761050e+00,1.546877000000000351e+02,9.609286641728405698e+01,-3.183999999999999986e+01,-2.569999999999999929e+01,1.690622308500630000e+00,-2.737110000000000198e+01,-1.327400000000000091e+02,-1.266800000000000068e+02,1.447746538590232612e+00,-1.292514000000000181e+02,2.034290688384036798e+02
6.039100000000000357e+00,8.335699999999999221e+00,3.694124753862544353e-01,7.280777000000000498e+00,2.592400000000000038e+00,4.322700000000000209e+00,4.132296762044080918e-01,3.539547999999999028e+00,-6.664799999999999613e+00,-4.862300000000000288e+00,3.090048278247445324e-01,-5.727159000000000333e+00,6.795799999999999841e+00,7.324200000000000266e+00,1.173692347891899523e-01,7.112495000000000012e+00,9.916575214221589718e+00,2.885099999999999998e+00,4.336599999999999788e+00,4.026586234256009922e-01,3.664009000000000515e+00,-5.913400000000000212e+00,-5.431099999999999817e+00,1.381000480050604273e-01,-5.653571000000000346e+00,-1.110999999999999988e+00,1.759400000000000075e+00,4.250219105822662935e-01,9.413500000000001033e-02,9.796704146249748391e+00,-1.196099999999999941e+00,4.749999999999999778e-01,2.891061273563741429e-01,-1.624749999999999805e-01,-8.211000000000000520e-01,6.516999999999999460e-01,2.132669893138645079e-01,2.826299999999999299e-02,-1.778000000000000136e-01,1.512999999999999901e-01,4.358407198736713450e-02,1.186999999999999037e-03,1.898902867947699358e-01,-2.147999999999999909e-01,2.106000000000000094e-01,6.900719597259405425e-02,-4.347999999999999435e-03,-1.305000000000000049e-01,9.470000000000000639e-02,3.016603419410645789e-02,1.491000000000001005e-03,6.110000000000000142e+01,6.540999999999999659e+01,8.193200290484785597e-01,6.290630000000000166e+01,4.747331250292106085e-03,-7.476000000000000512e+01,-6.478000000000000114e+01,2.593642648862791500e+00,-6.890090000000000714e+01,-1.229999999999999982e+00,6.160000000000000142e+00,1.900902901255085098e+00,2.020399999999999974e+00,1.517400000000000091e+02,1.551699999999999875e+02,8.394807919184320566e-01,1.535319999999999823e+02,9.331997972920909490e+01,-2.623999999999999844e+01,-1.719999999999999929e+01,2.510874897321648369e+00,-2.199049999999999727e+01,-1.295399999999999920e+02,-1.274800000000000040e+02,5.453482832099131317e-01,-1.285104999999999791e+02,2.014214629191734502e+02
6.790300000000000225e+00,7.865400000000000169e+00,2.795893793118758852e-01,7.199975999999999487e+00,2.561599999999999877e+00,4.639999999999999680e+00,6.573022077697595611e-01,3.594481000000000481e+00,-6.175300000000000011e+00,-5.619299999999999962e+00,1.372697805199673549e-01,-5.858734000000000997e+00,6.847500000000000142e+00,7.389999999999999680e+00,2.205886803532765561e-01,7.089589999999999392e+00,9.954130406152662758e+00,2.642100000000000115e+00,4.117099999999999760e+00,6.327886921010836829e-01,3.460207000000000477e+00,-5.949099999999999611e+00,-5.667500000000000426e+00,1.061831288105601206e-01,-5.785733999999999710e+00,-3.660999999999999810e-01,2.111000000000000099e-01,8.516474704359780490e-02,-1.861900000000000360e-02,9.783150656598571970e+00,-2.046999999999999931e-01,1.078000000000000069e+00,1.844223011568828507e-01,6.730600000000000471e-02,-1.507000000000000006e-01,2.066999999999999948e-01,6.276233688287904955e-02,2.496299999999999908e-02,-2.469999999999999973e-02,8.099999999999999561e-03,7.102214865800668062e-03,-3.287999999999999690e-03,7.416141966009011377e-02,-3.490000000000000047e-02,1.909999999999999892e-02,1.049470037685688341e-02,-5.692000000000000011e-03,-1.870000000000000134e-02,2.210000000000000159e-02,7.309696026511636711e-03,2.012000000000000333e-03,5.904999999999999716e+01,6.332000000000000028e+01,8.601382388895403297e-01,6.105110000000000525e+01,6.874441940986921427e-03,-7.118000000000000682e+01,-6.651999999999999602e+01,1.059763232991218773e+00,-6.898170000000000357e+01,1.149999999999999911e+00,4.259999999999999787e+00,6.818552339023290498e-01,2.628799999999999581e+00,1.514000000000000057e+02,1.547299999999999898e+02,8.376593818492085175e-01,1.531626000000000261e+02,9.215542488394267195e+01,-2.482999999999999829e+01,-1.563000000000000078e+01,3.943304071460886018e+00,-2.069099999999999895e+01,-1.297100000000000080e+02,-1.283600000000000136e+02,3.995840212020494442e-01,-1.292218999999999767e+02,2.014576852824681623e+02
6.612400000000000055e+00,7.259800000000000253e+00,7.294612079473448973e-02,7.023330999999999769e+00,4.013499999999999623e+00,4.235800000000000232e+00,4.283755450536365361e-02,4.142481999999999331e+00,-5.976399999999999935e+00,-5.448699999999999655e+00,8.714315933565867922e-02,-5.691041000000000238e+00,6.854000000000000092e+00,6.998899999999999899e+00,4.101445476902011722e-02,6.925209999999999866e+00,9.943605136949374312e+00,4.049199999999999910e+00,4.118299999999999628e+00,1.687296876663972600e-02,4.084484999999999921e+00,-5.682800000000000296e+00,-5.537700000000000067e+00,4.080480945918017049e-02,-5.614724999999999966e+00,-1.424999999999999878e-01,1.885999999999999899e-01,3.718460889938201425e-02,-9.690000000000005683e-04,9.806461547620019203e+00,-7.149999999999999412e-02,4.649999999999999967e-02,2.114689991464470051e-02,-1.131999999999999760e-03,-1.130000000000000032e-01,1.549000000000000099e-01,4.314839439654735709e-02,2.818999999999999891e-03,-4.649999999999999967e-02,3.420000000000000123e-02,1.092199542208290887e-02,7.039999999999998733e-04,3.188596242862992008e-03,-3.379999999999999671e-02,5.519999999999999907e-02,1.296398746528243211e-02,2.177000000000000549e-03,-5.700000000000000205e-02,4.189999999999999974e-02,1.140666379797353538e-02,-3.900000000000008739e-05,5.775999999999999801e+01,6.210000000000000142e+01,7.135708514226181132e-01,6.045080000000000808e+01,2.288332580723352778e-03,-7.265000000000000568e+01,-6.812000000000000455e+01,8.056166520126062380e-01,-7.009909999999999286e+01,1.510000000000000009e+00,5.530000000000000249e+00,7.355909189216517374e-01,3.180000000000000604e+00,1.522599999999999909e+02,1.555300000000000011e+02,5.152921889569063163e-01,1.538185999999999751e+02,9.261908788932225889e+01,-2.480999999999999872e+01,-2.441000000000000014e+01,1.063721768133002177e-01,-2.461639999999999517e+01,-1.296599999999999966e+02,-1.283700000000000045e+02,3.697255603822925951e-01,-1.290398999999999887e+02,2.022805592411934867e+02
6.918199999999999683e+00,7.141300000000000203e+00,4.591824364019169574e-02,7.061601000000000461e+00,4.048099999999999810e+00,4.185900000000000176e+00,2.877701923410414669e-02,4.121241999999999628e+00,-5.804000000000000270e+00,-5.506400000000000183e+00,6.553438337239468614e-02,-5.645513999999999477e+00,6.911699999999999733e+00,7.024399999999999977e+00,3.673995747139620349e-02,6.972194999999999254e+00,9.935928372827623534e+00,4.053399999999999892e+00,4.078400000000000247e+00,5.844503315081590183e-03,4.064040999999999570e+00,-5.641499999999999737e+00,-5.510399999999999743e+00,4.349861174796271213e-02,-5.571275999999999229e+00,-6.590000000000000024e-02,8.069999999999999396e-02,2.249226302531606020e-02,-1.652000000000000473e-03,9.806479930937605616e+00,-4.909999999999999781e-02,4.619999999999999801e-02,1.889630575006660124e-02,5.676999999999999755e-03,-6.890000000000000291e-02,8.300000000000000433e-02,3.273962081332036644e-02,2.122999999999999454e-03,-5.700000000000000205e-03,2.019999999999999921e-02,3.520865802611624490e-03,1.252000000000000075e-03,6.282082616457699588e-03,-4.909999999999999781e-02,2.469999999999999973e-02,1.114907691246230445e-02,7.800000000000017477e-05,-1.870000000000000134e-02,8.500000000000000611e-03,3.913157293030782372e-03,2.400000000000000061e-04,5.914000000000000057e+01,6.195000000000000284e+01,6.281418549977387800e-01,6.056090000000001083e+01,1.277179705444774025e-03,-7.168000000000000682e+01,-6.864000000000000057e+01,6.399396534049132113e-01,-7.014819999999998856e+01,1.860000000000000098e+00,5.740000000000000213e+00,7.925709053453829922e-01,3.844399999999999817e+00,1.523499999999999943e+02,1.545999999999999943e+02,4.298295476116080205e-01,1.536716000000000122e+02,9.275328556665796498e+01,-2.457000000000000028e+01,-2.439999999999999858e+01,3.612533736866700013e-02,-2.448360000000000980e+01,-1.292199999999999989e+02,-1.281100000000000136e+02,3.688234672577104800e-01,-1.286264999999999645e+02,2.018890383794276318e+02
6.930100000000000371e+00,7.077499999999999680e+00,2.862948654796309764e-02,7.014729999999999244e+00,4.057800000000000296e+00,4.204299999999999926e+00,3.017098036193055152e-02,4.133887999999999785e+00,-5.879400000000000404e+00,-5.575899999999999856e+00,6.055757108735455169e-02,-5.705927999999999223e+00,6.901200000000000223e+00,6.933699999999999974e+00,8.502605483026936042e-03,6.920389999999998487e+00,9.942488687980890916e+00,4.064099999999999824e+00,4.084200000000000053e+00,4.237593184816130717e-03,4.072701999999999600e+00,-5.653200000000000003e+00,-5.613599999999999923e+00,1.124906978376433511e-02,-5.629523000000000721e+00,-4.929999999999999660e-02,3.520000000000000212e-02,1.897859467926958990e-02,-4.212000000000000466e-03,9.806642062420397821e+00,-3.710000000000000103e-02,5.500000000000000028e-02,1.931811509956393030e-02,5.422999999999999869e-03,-5.709999999999999798e-02,5.160000000000000003e-02,2.504406907832670837e-02,-2.498000000000000654e-03,-5.300000000000000024e-03,8.699999999999999400e-03,2.637030716544652015e-03,1.287000000000000166e-03,7.306837688083675161e-03,-1.290000000000000001e-02,1.629999999999999852e-02,6.572862085880093463e-03,-1.779999999999999898e-04,-6.799999999999999621e-03,6.000000000000000125e-03,2.412785941603606040e-03,-7.999999999999992862e-06,5.885000000000000142e+01,6.242999999999999972e+01,6.559565458168702401e-01,6.079489999999999839e+01,1.299275567383609623e-03,-7.096999999999999886e+01,-6.843000000000000682e+01,5.713446858070878598e-01,-6.956449999999999534e+01,1.550000000000000044e+00,4.650000000000000355e+00,6.412715805335521546e-01,3.422600000000000087e+00,1.526100000000000136e+02,1.545000000000000000e+02,4.305519248592440396e-01,1.534048000000000229e+02,9.244973616522655391e+01,-2.460999999999999943e+01,-2.448000000000000043e+01,2.663287442241244959e-02,-2.453630000000000422e+01,-1.293100000000000023e+02,-1.290000000000000000e+02,8.719237351970472727e-02,-1.291242999999999768e+02,2.020102659055227150e+02
4.869900000000000340e+00,7.426599999999999646e+00,5.674770407655274074e-01,6.565798000000000911e+00,3.986200000000000188e+00,6.268699999999999939e+00,7.950341159340269526e-01,4.912150999999999712e+00,-6.737599999999999589e+00,-4.680100000000000371e+00,3.512683926501215526e-01,-5.702444999999999986e+00,5.835099999999999731e+00,6.922600000000000087e+00,4.269769151734084112e-01,6.533147000000000482e+00,9.987833088394598491e+00,4.068100000000000271e+00,5.850600000000000023e+00,7.440964780262033784e-01,4.773133000000000514e+00,-5.649399999999999977e+00,-5.125200000000000422e+00,1.757615675396643207e-01,-5.471623999999999377e+00,-1.208099999999999952e+00,8.156999999999999806e-01,3.082881566262317685e-01,-1.114220000000000071e-01,9.767470376544478583e+00,-7.986999999999999655e-01,8.509999999999999787e-01,3.100240045206177353e-01,1.641099999999999504e-02,-1.544499999999999984e+00,6.226000000000000423e-01,3.613267186619334992e-01,-1.067909999999999970e-01,-3.257999999999999785e-01,2.518000000000000238e-01,7.195040193772374304e-02,-2.171900000000000913e-02,1.552047057469586044e-01,-3.199000000000000177e-01,2.174999999999999989e-01,6.861544012829765005e-02,-1.337599999999999727e-02,-9.360000000000000264e-02,2.136000000000000121e-01,4.478960816975294940e-02,1.772000000000000311e-02,5.739000000000000057e+01,6.352000000000000313e+01,1.169498401024986256e+00,6.009430000000001826e+01,3.105850506705047642e-02,-7.848999999999999488e+01,-6.501000000000000512e+01,2.648996632689441189e+00,-7.107779999999999632e+01,-3.709999999999999964e+00,5.019999999999999574e+00,1.334454266732284955e+00,2.504099999999999770e+00,1.525300000000000011e+02,1.589900000000000091e+02,1.120327358409140217e+00,1.540281000000000233e+02,9.311095028051209965e+01,-3.671999999999999886e+01,-2.451000000000000156e+01,5.028343365363983963e+00,-2.920500000000000540e+01,-1.328400000000000034e+02,-1.277500000000000000e+02,1.131579179730698659e+00,-1.299783999999999935e+02,2.036466844345127072e+02
4.598099999999999632e+00,9.120599999999999596e+00,7.135589398248752824e-01,7.068985999999999770e+00,2.551899999999999835e+00,6.356200000000000294e+00,8.504538048571479436e-01,4.393597999999999892e+00,-7.406500000000000306e+00,-4.261599999999999611e+00,4.785847790089025056e-01,-5.574248999999998233e+00,5.966700000000000337e+00,7.371800000000000352e+00,3.704068863776697751e-01,6.653682000000000762e+00,1.001731093496658076e+01,3.108400000000000052e+00,5.911900000000000155e+00,7.201962603867088086e-01,4.701535000000000686e+00,-5.677800000000000402e+00,-5.015299999999999869e+00,1.707596244168978206e-01,-5.395312999999998915e+00,-1.302300000000000013e+00,2.570699999999999985e+00,6.177459060641357080e-01,2.478710000000000357e-01,9.771658911429419447e+00,-1.447699999999999987e+00,8.909000000000000252e-01,3.923117890453969303e-01,-3.930240000000000400e-01,-1.578300000000000036e+00,7.531999999999999806e-01,4.239948991426665259e-01,-7.564899999999999403e-02,-2.814999999999999725e-01,1.817999999999999894e-01,6.819925852969370428e-02,-3.756000000000001091e-03,4.707766651162738625e-01,-4.151000000000000245e-01,2.447999999999999898e-01,1.129131279169964253e-01,-1.368800000000000051e-02,-2.041000000000000036e-01,1.486000000000000099e-01,4.725258590807492054e-02,4.835000000000001623e-03,2.455999999999999872e+01,9.092000000000000171e+01,1.817298110272500367e+01,6.106719999999999260e+01,1.499486928919355547e-02,-8.589000000000000057e+01,-5.242000000000000171e+01,6.646286018521923467e+00,-6.994040000000001100e+01,-7.929999999999999716e+00,4.553000000000000114e+01,1.347817920158357197e+01,2.011209999999999809e+01,1.291200000000000045e+02,1.636899999999999977e+02,9.073227189925312075e+00,1.461494000000000142e+02,9.500188963599619285e+01,-3.697999999999999687e+01,-1.857000000000000028e+01,4.727240712085644780e+00,-2.882449999999999690e+01,-1.317800000000000011e+02,-1.274500000000000028e+02,8.684251205486867020e-01,-1.290658999999999708e+02,1.971002421698663909e+02
6.775999999999999801e+00,1.031290000000000084e+01,8.311133956921884502e-01,7.905848999999998128e+00,2.169999999999999929e+00,4.190199999999999925e+00,4.906518132892204176e-01,3.248045999999999989e+00,-6.363599999999999923e+00,-1.993900000000000006e+00,1.230888871349075098e+00,-4.981733000000000189e+00,6.951600000000000001e+00,8.580999999999999517e+00,5.005294294284802215e-01,7.738373999999998532e+00,9.892922465692629785e+00,2.617199999999999971e+00,4.245300000000000296e+00,5.239717048123877507e-01,3.337534000000000667e+00,-5.922600000000000087e+00,-3.268600000000000172e+00,9.626930112117777494e-01,-4.867957999999998897e+00,-8.417000000000000037e-01,1.924299999999999899e+00,5.339027983294337698e-01,7.384399999999999298e-02,9.732347119518291123e+00,-1.134500000000000064e+00,6.300999999999999934e-01,3.913092991113295560e-01,-1.499270000000000047e-01,-2.341400000000000148e+00,2.626399999999999846e+00,8.698739671929491823e-01,-3.415999999999999592e-02,-2.620000000000000107e-02,4.895999999999999797e-01,1.667431669844374742e-01,1.484919999999999851e-01,1.705812043133709821e-01,-1.008000000000000007e-01,5.544999999999999929e-01,1.243379609411381648e-01,7.296299999999998620e-02,-3.714999999999999969e-01,1.190000000000000085e-02,1.073283690875809354e-01,-9.251700000000001589e-02,2.126999999999999957e+01,7.904000000000000625e+01,1.279175067416497136e+01,5.681369999999999720e+01,1.895596706106021656e-01,-1.141200000000000045e+02,-6.096000000000000085e+01,1.217062385377183631e+01,-8.458490000000001885e+01,-7.730000000000000426e+00,4.850000000000000000e+01,1.318526376072924755e+01,2.729660000000000153e+01,1.386599999999999966e+02,1.741200000000000045e+02,8.150884866687787778e+00,1.502532999999999959e+02,1.054869953466302803e+02,-2.564999999999999858e+01,-1.544999999999999929e+01,3.267474866008918344e+00,-1.992200000000000415e+01,-1.303199999999999932e+02,-1.109800000000000040e+02,6.665597865908203801e+00,-1.220952999999999946e+02,1.946283703034580981e+02
6.141499999999999737e+00,7.448000000000000398e+00,2.730446806953030769e-01,6.808812000000000531e+00,3.811700000000000088e+00,5.942899999999999849e+00,5.286535976081123689e-01,4.536943999999999200e+00,-6.260799999999999699e+00,-4.873099999999999987e+00,2.245821660127980957e-01,-5.667753000000000263e+00,6.227299999999999613e+00,6.986299999999999955e+00,2.048983093414877554e-01,6.700027000000000399e+00,9.953251015597318840e+00,3.914499999999999869e+00,5.389000000000000234e+00,4.222055554572914371e-01,4.433279000000000636e+00,-5.811099999999999710e+00,-5.324499999999999567e+00,1.315378723980284159e-01,-5.602544999999999220e+00,-5.677999999999999714e-01,5.856000000000000094e-01,1.886881409601568194e-01,-3.019000000000000416e-03,9.794530870317119664e+00,-7.663999999999999702e-01,8.344000000000000306e-01,3.382883436877481276e-01,3.424499999999999766e-02,-5.390000000000000346e-01,5.621000000000000441e-01,1.744331536692494689e-01,1.920099999999999585e-02,-3.578999999999999959e-01,2.499000000000000110e-01,8.949130390713949668e-02,5.465000000000001107e-03,3.937655123293561099e-02,-1.562000000000000055e-01,1.655000000000000082e-01,4.239294105154772091e-02,5.643000000000000446e-03,-1.670000000000000095e-01,1.238999999999999962e-01,3.952014190257924914e-02,-5.772000000000000221e-03,3.215999999999999659e+01,5.893999999999999773e+01,6.007790745357231899e+00,5.096940000000000737e+01,9.748110483575780916e-03,-1.027399999999999949e+02,-8.104000000000000625e+01,5.136150164276742203e+00,-9.089069999999999538e+01,2.139999999999999858e+01,3.471000000000000085e+01,3.621786127037320835e+00,2.871949999999999648e+01,1.438600000000000136e+02,1.563499999999999943e+02,3.240981487142436723e+00,1.487809999999999775e+02,1.080916683334103965e+02,-3.332999999999999829e+01,-2.239999999999999858e+01,2.824195905032085729e+00,-2.690569999999999595e+01,-1.306399999999999864e+02,-1.286399999999999864e+02,5.668315446409085689e-01,-1.299079999999999870e+02,1.993383834525854468e+02
6.246900000000000119e+00,7.733399999999999608e+00,3.712856674031466131e-01,6.922890999999999906e+00,2.743399999999999839e+00,5.601899999999999658e+00,7.322081077098232527e-01,4.313101999999999769e+00,-6.149300000000000210e+00,-5.105699999999999683e+00,2.083797208823354452e-01,-5.657824999999999882e+00,6.355800000000000338e+00,7.312500000000000000e+00,2.686741648986742392e-01,6.800454000000001109e+00,9.926744299663910809e+00,3.038100000000000023e+00,5.160800000000000054e+00,6.088269707691997823e-01,4.290291999999999106e+00,-5.800900000000000389e+00,-5.376000000000000334e+00,1.237002231040833650e-01,-5.573102000000000444e+00,-5.495999999999999774e-01,1.016100000000000003e+00,2.420564983635018763e-01,2.955999999999999947e-02,9.783263563544835506e+00,-8.016999999999999682e-01,8.186999999999999833e-01,3.567225814326869804e-01,-4.446399999999999658e-02,-5.020999999999999908e-01,3.960000000000000187e-01,1.540221811915413741e-01,-1.349900000000000058e-02,-2.162999999999999923e-01,1.890000000000000013e-01,4.381652934681157935e-02,1.083400000000000162e-02,5.507325936423231039e-02,-1.282000000000000084e-01,1.200999999999999984e-01,4.284952041738623874e-02,3.219999999999998905e-03,-1.197000000000000008e-01,1.335000000000000075e-01,2.937200263856722116e-02,-1.469000000000000037e-03,4.986999999999999744e+01,7.115000000000000568e+01,7.270560157236855225e+00,6.046299999999999386e+01,1.139745221529794329e-02,-9.754000000000000625e+01,-7.201000000000000512e+01,6.395655243991815730e+00,-8.537999999999999545e+01,2.537999999999999901e+01,5.549000000000000199e+01,8.376649074062969547e+00,3.685730000000000217e+01,1.321800000000000068e+02,1.499499999999999886e+02,5.232113851972258090e+00,1.425107999999999890e+02,1.109233038287717079e+02,-3.175000000000000000e+01,-1.805000000000000071e+01,3.934863315288092522e+00,-2.602370000000000516e+01,-1.304399999999999977e+02,-1.281699999999999875e+02,5.908401729740444530e-01,-1.293433000000000277e+02,1.942067206180568348e+02
6.179899999999999949e+00,8.183899999999999508e+00,2.998007438282966897e-01,7.309639999999998139e+00,2.793299999999999894e+00,4.347000000000000419e+00,3.851241599004144311e-01,3.403019000000000016e+00,-6.729099999999999859e+00,-4.959800000000000431e+00,2.354466284829748735e-01,-5.867443999999998994e+00,7.033100000000000129e+00,7.367300000000000182e+00,9.163018181254474481e-02,7.195209000000001076e+00,9.971874163721528461e+00,2.850400000000000045e+00,3.798200000000000021e+00,2.882065598767661885e-01,3.347561999999999038e+00,-5.904300000000000104e+00,-5.538000000000000256e+00,8.215760743230050844e-02,-5.752828999999999304e+00,-8.789000000000000146e-01,7.705999999999999517e-01,2.153721082475630044e-01,-1.471699999999999744e-02,9.801645035440021303e+00,-5.976000000000000201e-01,8.136999999999999789e-01,2.674666229644364623e-01,-6.580000000000006850e-03,-8.463000000000000522e-01,6.736999999999999655e-01,1.988205195546978721e-01,-6.602000000000008036e-03,-6.550000000000000266e-02,1.097999999999999948e-01,2.141394263091222702e-02,1.108099999999999884e-02,1.742047338622001659e-02,-1.110000000000000014e-01,2.182999999999999940e-01,4.045688860997592728e-02,7.641999999999998620e-03,-9.070000000000000284e-02,6.169999999999999790e-02,2.095582904587647149e-02,-5.473000000000000434e-03,5.846000000000000085e+01,7.337999999999999545e+01,4.196272650817628680e+00,6.402720000000000766e+01,1.453074168788365955e-02,-8.896999999999999886e+01,-7.121999999999999886e+01,3.818602544125270892e+00,-7.817190000000000794e+01,3.875999999999999801e+01,5.532999999999999829e+01,3.953412119928809254e+00,4.586809999999999832e+01,1.328100000000000023e+02,1.394300000000000068e+02,1.844548194003072128e+00,1.368186000000000035e+02,1.109694141962549452e+02,-2.280999999999999872e+01,-1.691000000000000014e+01,1.790684517160965328e+00,-1.996640000000000015e+01,-1.294699999999999989e+02,-1.278799999999999955e+02,3.935162512527288770e-01,-1.286536000000000115e+02,1.888643302158456834e+02
7.019499999999999851e+00,7.188200000000000145e+00,3.008857550632798930e-02,7.081467999999998320e+00,3.785200000000000120e+00,3.936999999999999833e+00,3.083042756758329339e-02,3.846955999999999154e+00,-5.974700000000000344e+00,-5.691699999999999982e+00,5.933042932593695501e-02,-5.828365999999999936e+00,6.966700000000000337e+00,7.068599999999999994e+00,1.704865636934477235e-02,6.987254000000000076e+00,9.945657832990031366e+00,3.561500000000000110e+00,3.796899999999999942e+00,3.585841708720561433e-02,3.776717999999999797e+00,-5.789699999999999847e+00,-5.737000000000000099e+00,8.861612212233143868e-03,-5.751823000000000796e+00,-1.293999999999999873e-01,4.030000000000000249e-02,2.444779783538795701e-02,-6.791000000000000161e-03,9.806568468907409297e+00,-3.640000000000000180e-02,3.029999999999999916e-01,4.403701364761238718e-02,1.877300000000000149e-02,-7.389999999999999347e-02,1.539000000000000090e-01,3.322544282624386586e-02,3.493000000000000011e-03,-1.820000000000000090e-02,5.799999999999999600e-03,3.181165824033697735e-03,7.280000000000001314e-04,2.026682656461045728e-02,-1.519999999999999997e-02,1.490000000000000005e-02,6.153868701881768689e-03,1.499999999999998784e-04,-5.799999999999999600e-03,1.600000000000000033e-02,2.753014892803887486e-03,6.029999999999999119e-04,5.795000000000000284e+01,6.086999999999999744e+01,6.289793319338877753e-01,5.936899999999999977e+01,9.571274732239166494e-04,-8.242000000000000171e+01,-7.748999999999999488e+01,7.029857751050159198e-01,-8.063100000000000023e+01,4.004999999999999716e+01,4.346999999999999886e+01,6.422497567146291386e-01,4.199149999999999494e+01,1.386200000000000045e+02,1.403499999999999943e+02,3.679646722173186557e-01,1.393720000000000141e+02,1.085786461245948686e+02,-2.278000000000000114e+01,-2.128999999999999915e+01,2.437881047139091595e-01,-2.264559999999999462e+01,-1.296200000000000045e+02,-1.292800000000000011e+02,7.551655447648573938e-02,-1.294604999999999961e+02,1.915656510014516982e+02
7.004900000000000126e+00,7.147100000000000009e+00,2.623288110368358905e-02,7.073507000000001099e+00,3.782099999999999795e+00,3.923000000000000043e+00,2.633870870031407296e-02,3.846732000000000262e+00,-6.034699999999999953e+00,-5.686300000000000132e+00,6.429147578800789575e-02,-5.839270999999999212e+00,6.960799999999999876e+00,6.983699999999999797e+00,4.679217349087350444e-03,6.971115000000000173e+00,9.946302537642520036e+00,3.779900000000000038e+00,3.798399999999999999e+00,3.596311860781815656e-03,3.788470999999999922e+00,-5.775199999999999889e+00,-5.751000000000000334e+00,5.203191328406082949e-03,-5.763800000000000701e+00,-4.379999999999999866e-02,4.619999999999999801e-02,1.637301755938715131e-02,1.635999999999999868e-03,9.806648117530574638e+00,-3.719999999999999696e-02,2.960000000000000131e-02,1.561527902408407255e-02,-6.189999999999996503e-04,-5.800000000000000294e-02,1.038000000000000034e-01,3.197055207530830057e-02,3.019999999999999248e-03,-5.000000000000000104e-03,8.300000000000000086e-03,2.282115465965734238e-03,9.929999999999999591e-04,3.489993839536110597e-03,-1.290000000000000001e-02,2.230000000000000038e-02,6.402806494030567792e-03,2.370000000000000687e-04,-6.400000000000000307e-03,4.499999999999999660e-03,2.213708201186416480e-03,-3.360000000000001440e-04,5.757999999999999829e+01,6.077000000000000313e+01,5.732815276982157204e-01,5.934730000000000416e+01,1.074762299301570880e-03,-8.212000000000000455e+01,-7.937999999999999545e+01,5.732271713727468132e-01,-8.096689999999999543e+01,4.039999999999999858e+01,4.293999999999999773e+01,5.404247958782056882e-01,4.169519999999999271e+01,1.387899999999999920e+02,1.403300000000000125e+02,3.291549786954469092e-01,1.395730000000000075e+02,1.087024867054107347e+02,-2.276000000000000156e+01,-2.267000000000000171e+01,2.214926635353869910e-02,-2.272790000000000532e+01,-1.296800000000000068e+02,-1.294699999999999989e+02,4.529668862069292923e-02,-1.295838999999999714e+02,1.918050231527318203e+02
6.995700000000000252e+00,7.150000000000000355e+00,3.064153494849755979e-02,7.076443999999998624e+00,3.783799999999999830e+00,3.902600000000000069e+00,2.640600407104415695e-02,3.838457000000000008e+00,-6.002600000000000158e+00,-5.695100000000000051e+00,6.110112669992266016e-02,-5.853953999999999880e+00,6.961899999999999977e+00,6.982999999999999652e+00,4.543616511106554970e-03,6.973893000000000342e+00,9.953822846529922330e+00,3.774300000000000210e+00,3.792100000000000026e+00,3.481447256529943482e-03,3.782785000000000064e+00,-5.777599999999999625e+00,-5.750300000000000189e+00,5.709036696326249063e-03,-5.764170000000000016e+00,-4.250000000000000305e-02,5.120000000000000245e-02,1.848601482202153964e-02,-3.159999999999996037e-04,9.806645793571520997e+00,-3.459999999999999881e-02,4.599999999999999922e-02,1.539835172997421585e-02,1.957999999999999671e-03,-7.599999999999999811e-02,7.599999999999999811e-02,3.186504348027788258e-02,2.302000000000000227e-03,-4.400000000000000265e-03,6.300000000000000044e-03,2.257514341039719864e-03,7.269999999999999987e-04,3.038556236109511265e-03,-1.490000000000000005e-02,2.369999999999999885e-02,6.581432290922698165e-03,1.357000000000000133e-03,-6.599999999999999964e-03,4.499999999999999660e-03,2.205562059884055934e-03,-4.359999999999999726e-04,5.792000000000000171e+01,6.121000000000000085e+01,6.587313261110330220e-01,5.932520000000000238e+01,1.600023124832887847e-03,-8.353000000000000114e+01,-8.001999999999999602e+01,6.635574654843400255e-01,-8.137570000000000903e+01,4.014999999999999858e+01,4.353000000000000114e+01,6.434691601001556460e-01,4.178880000000000194e+01,1.385600000000000023e+02,1.411100000000000136e+02,4.088805571312988385e-01,1.396687000000000296e+02,1.090311318430199918e+02,-2.275000000000000000e+01,-2.264000000000000057e+01,2.184856974723960177e-02,-2.268919999999999604e+01,-1.296899999999999977e+02,-1.294900000000000091e+02,4.457173992565272719e-02,-1.295756000000000085e+02,1.918644877815850975e+02
6.990300000000000402e+00,7.138799999999999812e+00,2.850485816488126933e-02,7.078819000000001083e+00,3.763100000000000112e+00,3.911200000000000010e+00,2.911025592467370721e-02,3.835640000000000605e+00,-5.992399999999999949e+00,-5.707699999999999996e+00,6.266173333063809747e-02,-5.844824000000000908e+00,6.964800000000000324e+00,6.985999999999999766e+00,4.509745003877680194e-03,6.975499999999999368e+00,9.949059263836808498e+00,3.773299999999999876e+00,3.794599999999999973e+00,4.421848482252646595e-03,3.785883999999999361e+00,-5.773500000000000298e+00,-5.748300000000000409e+00,6.175554711926704854e-03,-5.760181999999999469e+00,-3.790000000000000313e-02,3.690000000000000224e-02,1.681532262551033857e-02,-1.785000000000000128e-03,9.806641350869314877e+00,-4.399999999999999745e-02,3.980000000000000204e-02,1.696119642006424164e-02,-3.395999999999999713e-03,-6.479999999999999649e-02,8.179999999999999771e-02,3.148847209694367183e-02,9.450000000000003102e-04,-6.199999999999999782e-03,5.100000000000000366e-03,2.683449272857603343e-03,-7.000000000000002097e-05,3.951210700532180146e-03,-1.400000000000000029e-02,1.720000000000000001e-02,6.282380042627156748e-03,3.009999999999999980e-04,-9.700000000000000289e-03,5.100000000000000366e-03,2.386749044202176283e-03,-5.769999999999999305e-04,5.706000000000000227e+01,6.034000000000000341e+01,6.213267739281801427e-01,5.908479999999999421e+01,6.545456439393666477e-04,-8.326000000000000512e+01,-7.960999999999999943e+01,6.122301773026225247e-01,-8.092109999999999559e+01,4.035000000000000142e+01,4.339000000000000057e+01,6.256027093931101346e-01,4.206149999999999523e+01,1.386399999999999864e+02,1.407899999999999920e+02,3.997356501489442437e-01,1.394729000000000099e+02,1.086664980502270339e+02,-2.276000000000000156e+01,-2.262999999999999901e+01,2.806617180878067178e-02,-2.270769999999999200e+01,-1.296599999999999966e+02,-1.294499999999999886e+02,4.843180773004387291e-02,-1.295493999999999915e+02,1.917064853208154886e+02
6.887100000000000222e+00,7.249299999999999855e+00,5.742427208071509276e-02,7.097123999999999988e+00,3.704800000000000093e+00,4.320299999999999585e+00,1.093229696998759548e-01,3.869136000000000131e+00,-5.972500000000000142e+00,-5.601799999999999891e+00,7.078139942103435500e-02,-5.783264000000001737e+00,6.926599999999999646e+00,7.057999999999999829e+00,2.990962753027864504e-02,7.002409000000000106e+00,9.939090750746169434e+00,3.708800000000000097e+00,4.049199999999999910e+00,7.429894481081139590e-02,3.814640000000000697e+00,-5.762599999999999945e+00,-5.623899999999999899e+00,3.035694772206188469e-02,-5.707694999999998409e+00,-1.151999999999999968e-01,9.260000000000000175e-02,3.728191652798981681e-02,-2.299999999999996546e-04,9.806273111937379383e+00,-2.091000000000000081e-01,3.032000000000000250e-01,7.481524493711158574e-02,-3.304999999999999778e-03,-7.589999999999999525e-02,1.308999999999999886e-01,3.923578543880573699e-02,-9.290000000000001382e-04,-2.299999999999999961e-02,1.689999999999999836e-02,4.838628318025678041e-03,8.260000000000000198e-04,3.440779853463459340e-03,-2.390000000000000110e-02,5.070000000000000201e-02,9.938691865633021358e-03,1.602000000000000342e-03,-3.559999999999999970e-02,1.990000000000000102e-02,6.639591779620188962e-03,-1.388999999999999393e-03,5.371999999999999886e+01,6.039000000000000057e+01,1.874610722256756956e+00,5.686919999999999931e+01,2.275522137883962803e-03,-8.229999999999999716e+01,-7.701999999999999602e+01,1.020254497662224757e+00,-7.961260000000000048e+01,3.960000000000000142e+01,4.404999999999999716e+01,8.482140295939462060e-01,4.212360000000000326e+01,1.378300000000000125e+02,1.405099999999999909e+02,5.273224440510762001e-01,1.394348000000000241e+02,1.065207475769861531e+02,-2.437999999999999901e+01,-2.221999999999999886e+01,4.757185197151776457e-01,-2.289170000000000016e+01,-1.295699999999999932e+02,-1.288600000000000136e+02,1.783608421150780221e-01,-1.291829000000000178e+02,1.914531666814106643e+02
6.815100000000000158e+00,7.376299999999999635e+00,7.189829886026503913e-02,7.031260999999999761e+00,3.789699999999999847e+00,3.999600000000000044e+00,4.510357275205591210e-02,3.886875000000000746e+00,-6.056899999999999729e+00,-5.605299999999999727e+00,8.712493486367725581e-02,-5.865595000000000780e+00,6.794699999999999740e+00,7.017000000000000348e+00,4.731333929242371311e-02,6.927144999999999442e+00,9.947443551977107390e+00,3.805000000000000160e+00,3.907599999999999962e+00,2.970840884328878120e-02,3.833337999999999912e+00,-5.893500000000000405e+00,-5.688399999999999679e+00,4.475525707668322195e-02,-5.786658000000000968e+00,-7.230000000000000315e-02,2.124000000000000055e-01,3.180944645856007003e-02,3.245999999999999320e-03,9.806387147274623572e+00,-4.970000000000000112e-02,5.790000000000000008e-02,2.185764909591147998e-02,-6.759999999999998432e-04,-7.610000000000000098e-02,1.428999999999999992e-01,3.710535404763037892e-02,7.010000000000002340e-04,-6.610000000000000597e-02,3.280000000000000276e-02,1.001287191568932429e-02,-1.400000000000007094e-05,3.388936853941071879e-03,-1.371999999999999886e-01,5.639999999999999875e-02,2.155804388157701174e-02,-3.011999999999999053e-03,-4.700000000000000011e-02,1.420000000000000082e-02,6.314668954109947142e-03,-6.660000000000002507e-04,5.335999999999999943e+01,5.732999999999999829e+01,7.760001030927768939e-01,5.550280000000000058e+01,3.084784595397224282e-03,-8.340999999999999659e+01,-7.765999999999999659e+01,1.020238129065954791e+00,-8.028960000000000719e+01,3.846999999999999886e+01,4.331000000000000227e+01,1.015541486104826641e+00,4.079569999999999652e+01,1.389600000000000080e+02,1.419300000000000068e+02,5.492429243968457442e-01,1.402339000000000055e+02,1.057887981522145822e+02,-2.348000000000000043e+01,-2.282999999999999829e+01,1.894575414175957151e-01,-2.300719999999999743e+01,-1.309399999999999977e+02,-1.290999999999999943e+02,4.128070251340215657e-01,-1.298706000000000245e+02,1.925129884070423998e+02
6.181199999999999584e+00,7.673600000000000421e+00,2.665587102384763818e-01,7.084313999999999112e+00,2.851100000000000190e+00,4.679700000000000415e+00,4.782252549782372020e-01,4.004850999999999495e+00,-6.107199999999999740e+00,-4.994799999999999685e+00,1.914114459769843957e-01,-5.698207000000000022e+00,6.799599999999999866e+00,7.344999999999999751e+00,1.640856035458321260e-01,6.958702999999998973e+00,9.934580987522622308e+00,3.020599999999999952e+00,4.428200000000000358e+00,4.027376725996713591e-01,3.987963000000000147e+00,-5.770199999999999996e+00,-5.369900000000000340e+00,1.017986698144921626e-01,-5.625267999999998381e+00,-4.581000000000000072e-01,6.384999999999999565e-01,1.587786631887294908e-01,2.395399999999998919e-02,9.796480817283416798e+00,-5.199000000000000288e-01,3.370000000000000218e-01,1.961181853271134201e-01,-3.097200000000000300e-02,-4.148000000000000020e-01,6.058999999999999941e-01,1.355349021138097798e-01,1.360300000000000224e-02,-2.190999999999999892e-01,1.741000000000000048e-01,4.651569158896812217e-02,1.150599999999999887e-02,4.144997598310522918e-02,-2.021000000000000019e-01,1.728000000000000091e-01,4.075184736916842576e-02,7.856000000000000136e-03,-1.501000000000000112e-01,2.083000000000000129e-01,3.717353266774628406e-02,-1.018700000000000161e-02,3.094000000000000128e+01,5.722999999999999687e+01,7.282256694184845891e+00,4.992119999999999891e+01,1.725919294173398205e-02,-9.687999999999999545e+01,-6.479000000000000625e+01,8.341501434993581654e+00,-7.884590000000000032e+01,2.071000000000000085e+01,4.060999999999999943e+01,6.735032460203885130e+00,3.077759999999999607e+01,1.396299999999999955e+02,1.544399999999999977e+02,4.061714626854033838e+00,1.453977000000000146e+02,9.826526760768528845e+01,-2.680999999999999872e+01,-1.792000000000000171e+01,2.535845916060358363e+00,-2.403570000000000206e+01,-1.298400000000000034e+02,-1.277399999999999949e+02,6.401271358097549991e-01,-1.289464999999999861e+02,1.958198302063149185e+02
7.068500000000000227e+00,7.494399999999999729e+00,7.834578785742089824e-02,7.233474999999998545e+00,3.276299999999999990e+00,4.169299999999999784e+00,1.873080417387358032e-01,3.729750000000000121e+00,-5.949600000000000222e+00,-5.437199999999999811e+00,8.779710145557199918e-02,-5.695923999999998877e+00,7.096499999999999808e+00,7.260799999999999699e+00,5.503569663409373786e-02,7.151136000000000159e+00,9.933667291182093351e+00,3.262500000000000178e+00,3.778900000000000148e+00,1.887691604553031754e-01,3.650781000000000276e+00,-5.738699999999999690e+00,-5.522499999999999964e+00,5.617557871531008579e-02,-5.626865999999999701e+00,-1.723000000000000087e-01,4.349999999999999700e-02,3.608144136533350532e-02,-1.198299999999999886e-02,9.804517784287661186e+00,-3.370000000000000079e-02,4.520000000000000129e-01,7.815869947740941570e-02,2.676399999999999613e-02,-7.950000000000000122e-02,1.307000000000000106e-01,4.048559477147396779e-02,6.695999999999998828e-03,-2.189999999999999933e-02,1.149999999999999981e-02,5.545331730383675113e-03,-4.359999999999999726e-04,3.007890292214792857e-02,-3.420000000000000123e-02,3.230000000000000232e-02,1.020327452340668954e-02,8.329999999999997563e-04,-8.399999999999999481e-03,1.899999999999999953e-02,3.968480313671720466e-03,8.419999999999999750e-04,3.449000000000000199e+01,4.485000000000000142e+01,1.866631875866261669e+00,4.233879999999999910e+01,1.262120834151785878e-03,-8.857999999999999829e+01,-8.057999999999999829e+01,1.928466478837524312e+00,-8.512520000000000664e+01,2.219000000000000128e+01,2.773000000000000043e+01,9.620911131488534274e-01,2.530129999999999768e+01,1.501800000000000068e+02,1.537800000000000011e+02,6.569159459169784387e-01,1.516988000000000056e+02,9.838205853797731493e+01,-2.267000000000000171e+01,-1.942999999999999972e+01,1.189148682882001928e+00,-2.185210000000000008e+01,-1.284399999999999977e+02,-1.276099999999999994e+02,1.843143781694753514e-01,-1.282060999999999922e+02,1.998170269848393445e+02
7.119699999999999918e+00,7.269000000000000128e+00,2.830914585429943758e-02,7.194418999999999009e+00,3.739500000000000046e+00,3.883500000000000174e+00,2.497336330973463914e-02,3.805975000000000108e+00,-5.841199999999999726e+00,-5.562500000000000000e+00,5.685096737083729368e-02,-5.687347000000001707e+00,7.098900000000000432e+00,7.128099999999999881e+00,6.533794915667317897e-03,7.108617999999999881e+00,9.929301402747075400e+00,3.747199999999999864e+00,3.763300000000000090e+00,3.609611613456521241e-03,3.756552000000000557e+00,-5.628000000000000114e+00,-5.588099999999999845e+00,8.549202068029514850e-03,-5.614811999999999692e+00,-4.830000000000000265e-02,4.529999999999999999e-02,1.791842099628200916e-02,-1.700000000000069443e-05,9.806642982895420246e+00,-3.919999999999999873e-02,3.599999999999999728e-02,1.617216655244435586e-02,2.427000000000000338e-03,-5.899999999999999689e-02,8.830000000000000349e-02,2.857708835763363500e-02,2.911000000000000393e-03,-6.100000000000000387e-03,6.300000000000000044e-03,2.253641497665500627e-03,2.900000000000000017e-04,3.790057915124781397e-03,-3.049999999999999933e-02,3.400000000000000244e-02,8.163471994194626200e-03,8.350000000000000217e-04,-5.000000000000000104e-03,4.899999999999999842e-03,2.154922504407060912e-03,-1.530000000000000056e-04,4.107000000000000028e+01,4.403000000000000114e+01,5.820187625841626300e-01,4.270960000000000178e+01,8.970696739941663722e-04,-8.809999999999999432e+01,-8.535999999999999943e+01,6.348515101974631092e-01,-8.692339999999998668e+01,2.435000000000000142e+01,2.692000000000000171e+01,6.218966071623159841e-01,2.570689999999999742e+01,1.506800000000000068e+02,1.525500000000000114e+02,3.577104275807466705e-01,1.517834999999999752e+02,1.002029545838345115e+02,-2.257000000000000028e+01,-2.244999999999999929e+01,2.465177478397851535e-02,-2.252270000000000394e+01,-1.283899999999999864e+02,-1.280999999999999943e+02,6.648150118642159878e-02,-1.283038999999999987e+02,2.000184832527984611e+02
7.118000000000000327e+00,7.269199999999999662e+00,2.934593905466307412e-02,7.204531000000000240e+00,3.755199999999999871e+00,3.864500000000000046e+00,2.114176858732498207e-02,3.796810999999999936e+00,-5.808099999999999596e+00,-5.591300000000000381e+00,4.785345833897481499e-02,-5.688894999999999591e+00,7.102400000000000269e+00,7.123999999999999666e+00,4.187130162772579114e-03,7.112420999999999438e+00,9.934010621129162999e+00,3.739399999999999835e+00,3.761200000000000099e+00,5.581496125592146085e-03,3.748948999999999643e+00,-5.627200000000000202e+00,-5.604700000000000237e+00,5.212739778657674884e-03,-5.615088000000000967e+00,-4.510000000000000120e-02,4.309999999999999942e-02,1.914088490639865789e-02,-3.350000000000000113e-04,9.806648985947543196e+00,-3.450000000000000289e-02,3.259999999999999704e-02,1.342432329765638581e-02,-1.811999999999999375e-03,-4.739999999999999769e-02,5.569999999999999951e-02,2.393831529159894805e-02,6.899999999999975272e-05,-8.500000000000000611e-03,5.199999999999999761e-03,2.525640314850869771e-03,2.790000000000000596e-04,1.843998373101234274e-03,-1.460000000000000013e-02,1.299999999999999940e-02,5.362527016248961990e-03,-3.480000000000000563e-04,-4.899999999999999842e-03,5.000000000000000104e-03,1.896887977715078699e-03,-4.959999999999999132e-04,4.060000000000000142e+01,4.379999999999999716e+01,6.403444385641215986e-01,4.238300000000000267e+01,6.670539708299470577e-04,-8.787000000000000455e+01,-8.440999999999999659e+01,6.424568078867245458e-01,-8.631950000000001921e+01,2.410000000000000142e+01,2.780000000000000071e+01,6.286679489205727611e-01,2.589310000000000400e+01,1.504399999999999977e+02,1.525699999999999932e+02,4.005979905091902604e-01,1.516324999999999932e+02,9.958828945644161479e+01,-2.255000000000000071e+01,-2.241000000000000014e+01,3.529008359298686087e-02,-2.247689999999999699e+01,-1.283700000000000045e+02,-1.281899999999999977e+02,3.865177874302889310e-02,-1.282897999999999854e+02,1.998897167787778812e+02
6.551899999999999835e+00,7.747700000000000031e+00,2.636337735780451830e-01,7.166177000000000241e+00,2.755399999999999849e+00,5.208999999999999631e+00,6.506904297252265046e-01,3.982992000000000310e+00,-6.072499999999999787e+00,-4.592900000000000205e+00,2.741944413203885600e-01,-5.605343000000000409e+00,6.624399999999999622e+00,7.276099999999999568e+00,1.818906804759386486e-01,7.036165999999999698e+00,9.931676002319147045e+00,3.255799999999999805e+00,5.035000000000000142e+00,5.299249340227349947e-01,3.975948999999999955e+00,-5.784099999999999575e+00,-5.096000000000000085e+00,2.074587807830750863e-01,-5.522473999999999883e+00,-7.552999999999999714e-01,8.495000000000000329e-01,2.612860926264541916e-01,2.730000000000000135e-02,9.788438154824955717e+00,-1.636900000000000022e+00,7.652999999999999803e-01,4.740041659426634246e-01,-5.723700000000000315e-02,-6.274999999999999467e-01,6.414999999999999591e-01,1.409657096566395429e-01,-9.250999999999998807e-03,-2.182000000000000051e-01,2.821000000000000174e-01,5.618258360025818465e-02,1.190000000000000953e-03,6.408545209327932979e-02,-1.469999999999999918e-01,1.335999999999999965e-01,3.643989220620719172e-02,-2.784000000000000016e-03,-1.093999999999999972e-01,2.373999999999999999e-01,3.389113587650906950e-02,-6.697000000000000695e-03,1.497000000000000064e+01,5.072999999999999687e+01,1.186900968531073453e+01,3.312030000000000740e+01,7.349596247413868813e-03,-1.002900000000000063e+02,-6.962000000000000455e+01,8.936137814514724553e+00,-8.888639999999998054e+01,1.682000000000000028e+01,4.004999999999999716e+01,6.389715990558578973e+00,2.492340000000000089e+01,1.400699999999999932e+02,1.641999999999999886e+02,7.565786420458881167e+00,1.547771999999999650e+02,9.807610435070311894e+01,-3.112999999999999901e+01,-1.935000000000000142e+01,3.427849419096468786e+00,-2.394059999999999988e+01,-1.293100000000000023e+02,-1.265100000000000051e+02,7.654967733439501654e-01,-1.281063000000000045e+02,2.023372384606699086e+02
5.724099999999999966e+00,7.778699999999999726e+00,1.804036715701761995e-01,7.056121999999999339e+00,3.560999999999999943e+00,5.083099999999999952e+00,2.726583542017372852e-01,4.095278000000000418e+00,-6.070299999999999585e+00,-9.558999999999999719e-01,4.974682773192679042e-01,-5.633618999999999488e+00,6.856399999999999828e+00,7.108299999999999841e+00,5.365856758244675478e-02,6.962625000000001840e+00,9.914525839057004575e+00,3.693700000000000205e+00,4.445899999999999963e+00,1.693037116279498822e-01,3.992576999999999821e+00,-5.874200000000000088e+00,-5.254599999999999937e+00,1.143199370188769937e-01,-5.630900000000000460e+00,-6.169999999999999929e-01,1.453600000000000003e+00,1.800018357100837962e-01,6.271000000000002267e-03,9.804379266509124946e+00,-3.225000000000000089e-01,6.622999999999999998e-01,1.888071221617447226e-01,3.811100000000000598e-02,-2.232000000000000095e-01,7.681000000000000050e-01,1.090726327315885286e-01,1.363299999999999929e-02,-2.311999999999999889e-01,3.486000000000000210e-01,5.424377032434232054e-02,4.359000000000000895e-03,4.095891174091421255e-02,-2.036999999999999922e-01,1.356999999999999873e-01,3.340583929494961996e-02,-2.449000000000000656e-03,-1.018000000000000016e-01,8.089999999999999969e-02,2.080038583776753006e-02,-1.092999999999999788e-03,1.944999999999999929e+01,2.587000000000000099e+01,1.663899948915198435e+00,2.253640000000000043e+01,5.117922527745024340e-03,-1.117500000000000000e+02,-9.776000000000000512e+01,2.461006889466179626e+00,-1.005297000000000054e+02,9.140000000000000568e+00,1.942999999999999972e+01,1.922674449822434184e+00,1.708360000000000056e+01,1.623700000000000045e+02,1.698799999999999955e+02,1.312472974959864702e+00,1.637937000000000012e+02,1.044316010411121027e+02,-2.689999999999999858e+01,-2.212999999999999901e+01,1.095281625884411580e+00,-2.401959999999999695e+01,-1.303400000000000034e+02,-1.267800000000000011e+02,6.554754839046242898e-01,-1.289566999999999837e+02,2.098455332351392997e+02
