-1.422920000000000051e+01,8.242200000000000415e+00,3.710154088918140580e+00,-2.255220000000000002e-01,-1.942220000000000013e+01,3.274199999999999999e+00,5.600055136232499287e+00,-9.479134000000000171e+00,-1.682560000000000144e+01,9.541700000000000514e+00,4.342316765867156647e+00,-1.914587000000000483e+00,-5.021799999999999820e+00,5.380200000000000315e+00,2.190478364457407512e+00,7.027619999999997757e-01,9.673183805914627342e+00,-9.797000000000000597e+00,-7.704299999999999926e+00,5.292627998414398682e-01,-9.116747999999999408e+00,-5.530899999999999928e+00,4.888899999999999579e+00,2.733520483905507614e+00,-1.047369999999999690e-01,-8.255800000000000693e+00,9.263199999999999434e+00,3.883294591889211667e+00,-7.731980000000000519e-01,9.144393821534423594e+00,-1.195480000000000054e+01,9.277300000000000324e+00,5.413403320050981904e+00,-1.188780999999999866e+00,-9.899300000000000210e+00,7.287300000000000111e+00,3.891045183462150447e+00,-1.853183999999999942e+00,-3.787700000000000067e+00,2.903599999999999959e+00,1.650577405105255968e+00,5.856599999999999306e-02,2.333522305661765994e+00,-3.729099999999999859e+00,4.177599999999999980e+00,1.623916807823294839e+00,-2.529369999999999119e-01,-3.572900000000000187e+00,3.807300000000000129e+00,1.776799482432106281e+00,-5.342700000000003002e-02,-6.480000000000000426e+00,2.860000000000000142e+01,9.747095401195167597e+00,1.442819999999999858e+01,2.650689469817240074e-01,3.275999999999999801e+01,5.207000000000000028e+01,4.390431372883535133e+00,4.185939999999999372e+01,-2.628999999999999915e+01,3.754999999999999716e+01,1.755149395891985264e+01,1.215909999999999869e+01,2.069999999999999840e+00,3.545099999999999909e+02,1.307300677586835889e+02,1.556308999999999969e+02,4.591542264217982705e+01,5.122999999999999687e+01,8.873000000000000398e+01,8.699145256288113970e+00,6.981089999999998952e+01,-1.780500000000000114e+02,1.799799999999999898e+02,9.932011229811412534e+01,-2.055530000000000612e+01,1.718052943064037095e+02
-1.694089999999999918e+01,8.825799999999999201e+00,5.470317824007212337e+00,-2.136807000000000123e+00,-1.942220000000000013e+01,4.556899999999999729e+00,7.284260914296246447e+00,-8.883516000000000190e+00,-1.539339999999999975e+01,1.505899999999999928e+01,4.841804438583925396e+00,-3.990970000000000351e-01,-5.367899999999999672e+00,1.103399999999999936e+00,1.608106059406530397e+00,-2.689690000000000136e+00,9.145604359084970270e+00,-9.803499999999999659e+00,-7.515500000000000291e+00,5.313158629327756621e-01,-9.011785999999998964e+00,-4.454699999999999882e+00,4.867499999999999716e+00,2.129930257696481366e+00,-5.645569999999999755e-01,-1.393689999999999962e+01,1.252630000000000088e+01,5.574240295230463715e+00,-2.470229999999999371e-01,9.421541477494274730e+00,-1.278790000000000049e+01,1.067880000000000074e+01,6.265165671057709496e+00,-1.542240000000000277e+00,-1.183549999999999969e+01,1.434450000000000003e+01,4.783229106837660005e+00,-7.327989999999998671e-01,-3.148299999999999876e+00,3.641700000000000159e+00,1.571854322136437832e+00,-1.064409999999999523e-01,1.725259097796617569e+00,-4.852800000000000225e+00,3.553199999999999914e+00,1.989929443328079417e+00,-1.071240000000000248e-01,-3.295700000000000074e+00,2.779700000000000060e+00,1.257565564364339750e+00,-2.191250000000000420e-01,-2.389000000000000057e+01,3.119999999999999929e+01,1.376283992314086468e+01,4.438500000000000334e+00,2.661221589458495629e-01,2.376000000000000156e+01,5.129999999999999716e+01,5.324251319199723831e+00,4.336330000000000240e+01,-4.264999999999999858e+01,3.192999999999999972e+01,1.816262048136226426e+01,2.441499999999999559e+00,2.080000000000000071e+00,3.590299999999999727e+02,1.209252105946481350e+02,1.929692000000000576e+02,4.365818355577793142e+01,4.961999999999999744e+01,8.856000000000000227e+01,8.906579570182932670e+00,6.820939999999998804e+01,-1.791500000000000057e+02,1.747100000000000080e+02,8.298583999478465500e+01,7.471059999999999945e+01,2.178791136143159690e+02
-1.877349999999999852e+01,9.732200000000000628e+00,5.748333927661127163e+00,-3.611270000000000646e+00,-1.942220000000000013e+01,5.175799999999999734e+00,7.500787903313291594e+00,-9.350353000000000137e+00,-1.771880000000000166e+01,1.218650000000000055e+01,5.971692899327208259e+00,-1.085755000000000248e+00,-6.104700000000000237e+00,2.082399999999999807e+00,1.853421470382546010e+00,-2.527975000000000083e+00,1.008212458549952473e+01,-9.785800000000000054e+00,-7.516899999999999693e+00,5.883353748874871059e-01,-8.956984000000000279e+00,-5.924699999999999633e+00,2.309499999999999886e+00,1.892475830603656428e+00,-1.479659000000000058e+00,-1.378679999999999950e+01,1.179180000000000028e+01,5.577812525499220797e+00,-1.977327999999999975e+00,9.423779004898300116e+00,-1.086430000000000007e+01,1.558200000000000074e+01,6.471398719551362255e+00,-1.203867000000000242e+00,-1.174249999999999972e+01,1.088630000000000031e+01,4.711440527606286288e+00,6.640770000000000284e-01,-4.440599999999999881e+00,3.897200000000000220e+00,1.548052702840248873e+00,-4.249730000000000452e-01,2.408343836581894770e+00,-5.748700000000000365e+00,4.406299999999999883e+00,2.045345587154161038e+00,-1.010946999999999818e+00,-2.942499999999999893e+00,2.810799999999999965e+00,1.485921217124245741e+00,-7.626999999999992119e-02,-3.109999999999999876e+00,4.634000000000000341e+01,1.324439526743293705e+01,2.601799999999999713e+01,1.099287496716851109e+00,1.964999999999999858e+01,5.240999999999999659e+01,8.005332512769223641e+00,3.700440000000000396e+01,-2.219000000000000128e+01,3.306000000000000227e+01,1.557206295389278239e+01,7.534399999999997100e+00,1.057000000000000028e+01,3.571399999999999864e+02,9.452613677094817035e+01,1.699454000000000065e+02,4.585879552190615271e+01,4.929999999999999716e+01,8.626000000000000512e+01,8.192019179665047446e+00,6.753239999999999554e+01,-1.772299999999999898e+02,1.777500000000000000e+02,7.935030139041691655e+01,9.639650000000000318e+01,2.067228803088086124e+02
-1.604080000000000084e+01,9.679000000000000270e+00,5.391096658059378655e+00,-2.436030999999999835e+00,-1.942220000000000013e+01,5.193999999999999950e+00,7.346854976188042841e+00,-8.865668999999998690e+00,-1.796420000000000172e+01,1.480940000000000012e+01,6.130031616180784404e+00,-7.602679999999998328e-01,-6.129199999999999982e+00,8.866000000000000547e-01,1.642561254169840668e+00,-3.145349999999999646e+00,9.225635006997947585e+00,-9.761699999999999378e+00,-7.121800000000000352e+00,6.725752651852431319e-01,-8.675069000000000585e+00,-5.267299999999999649e+00,5.376599999999999824e+00,2.460884760589166387e+00,-1.346849999999999659e+00,-1.087989999999999924e+01,1.287270000000000003e+01,5.603865565384309022e+00,3.960099999999999731e-01,9.325451930054702743e+00,-1.240479999999999983e+01,1.494999999999999929e+01,7.426725645319813829e+00,-1.161857000000000140e+00,-1.156000000000000050e+01,1.566380000000000017e+01,5.710655408225574270e+00,4.830480000000000884e-01,-4.147000000000000242e+00,4.296599999999999753e+00,1.761939432294708840e+00,-4.021349999999999647e-01,1.319117500017719991e+00,-5.532099999999999795e+00,5.400400000000000311e+00,2.403435278774737505e+00,-4.615709999999999535e-01,-3.494299999999999962e+00,2.384399999999999853e+00,1.445158644163332173e+00,-1.068199999999999983e-01,-2.171999999999999886e+01,4.152000000000000313e+01,1.720853683030605552e+01,1.312959999999999994e+01,6.214264708442985841e-01,2.707999999999999829e+01,5.310000000000000142e+01,6.501632794921595959e+00,4.260499999999999687e+01,-2.617000000000000171e+01,3.785999999999999943e+01,1.563448185102403620e+01,4.128499999999999837e+00,6.980000000000000426e+00,3.578399999999999750e+02,1.113176373210911976e+02,2.071664999999999850e+02,4.477294867897354180e+01,4.724000000000000199e+01,8.385999999999999943e+01,8.973137943885628687e+00,6.347119999999999607e+01,-1.680900000000000034e+02,1.780399999999999920e+02,5.172278311885391844e+01,1.062537999999999982e+02,2.413222367833722046e+02
-1.902730000000000032e+01,9.963100000000000733e+00,6.285235182272418619e+00,-2.983575000000000088e+00,-1.942220000000000013e+01,1.018970000000000020e+01,7.771698055804792560e+00,-8.653640000000001109e+00,-1.910739999999999839e+01,1.715879999999999939e+01,5.808623427901915548e+00,-6.992300000000005455e-02,-7.524600000000000399e+00,3.600000000000000089e+00,2.496831822264967915e+00,-2.791485000000000216e+00,9.153802174842645911e+00,-9.800599999999999312e+00,-5.760200000000000209e+00,1.029040863571024422e+00,-8.536698999999998705e+00,-7.311300000000000132e+00,3.580600000000000005e+00,2.366209775916750857e+00,-1.615766000000000036e+00,-1.891469999999999985e+01,1.297799999999999976e+01,6.199013132121837799e+00,-4.822589999999998267e-01,9.125695485199031509e+00,-1.272669999999999924e+01,1.548290000000000077e+01,6.986267508638572821e+00,-2.119879000000000069e+00,-1.297630000000000017e+01,1.491450000000000031e+01,5.996065919932084931e+00,8.595730000000001425e-01,-4.360400000000000276e+00,3.486400000000000166e+00,1.717005523083429130e+00,-4.332510000000000527e-01,2.337803768508168734e+00,-7.783000000000000362e+00,5.976200000000000401e+00,2.437970997516377469e+00,-4.185630000000000184e-01,-4.071600000000000108e+00,2.573700000000000099e+00,1.474577233597480941e+00,-1.805660000000000043e-01,-1.748000000000000043e+01,4.521000000000000085e+01,1.666031576651534962e+01,1.500160000000000160e+01,6.288922756132404590e-01,2.194000000000000128e+01,5.465999999999999659e+01,6.766643843885978171e+00,4.214529999999999887e+01,-2.682000000000000028e+01,3.421000000000000085e+01,1.566346907265437061e+01,3.643100000000000449e+00,2.600000000000000089e-01,3.581100000000000136e+02,1.275788588050543808e+02,1.853059999999999548e+02,4.488369962759307441e+01,3.596999999999999886e+01,8.798000000000000398e+01,1.256201378919797307e+01,6.348659999999999570e+01,-1.638600000000000136e+02,1.793499999999999943e+02,8.866503921501417551e+01,8.030700000000001637e+01,2.117028017399863415e+02
-1.497940000000000005e+01,1.141050000000000075e+01,5.996525426286376081e+00,-2.813048999999999911e+00,-1.942220000000000013e+01,5.911699999999999733e+00,8.242239011457748177e+00,-9.105297999999999448e+00,-1.799170000000000158e+01,1.481140000000000079e+01,5.301980577177173970e+00,-7.603940000000000143e-01,-6.153800000000000381e+00,2.082699999999999996e+00,2.023680726611537306e+00,-2.503020999999999496e+00,9.560224651149209052e+00,-9.782899999999999707e+00,-6.990599999999999703e+00,6.712505201457947823e-01,-8.935202000000002087e+00,-4.981200000000000294e+00,5.142500000000000071e+00,2.106025173848594001e+00,-1.042246000000000006e+00,-1.008329999999999949e+01,1.225949999999999918e+01,5.434643615341856027e+00,-6.752319999999998323e-01,9.337517102086668075e+00,-1.275689999999999991e+01,1.361340000000000039e+01,7.674062952691683925e+00,-1.248175000000000257e+00,-1.502260000000000062e+01,1.268870000000000076e+01,5.183791159174817587e+00,3.985809999999998521e-01,-4.358999999999999986e+00,3.683499999999999996e+00,1.641063350066352733e+00,-1.307630000000000181e-01,1.474023710124773068e+00,-6.375700000000000145e+00,4.691799999999999748e+00,2.447694747253219116e+00,-6.240370000000001749e-01,-4.036500000000000199e+00,2.449600000000000222e+00,1.589500457027616109e+00,-1.589029999999999887e-01,-3.490000000000000213e+00,4.442999999999999972e+01,1.015284101865088751e+01,1.795249999999999702e+01,6.570930702320637584e-01,2.289000000000000057e+01,5.093999999999999773e+01,6.476372036101692764e+00,4.156350000000000477e+01,-3.575000000000000000e+01,3.464999999999999858e+01,1.811461356916012022e+01,4.288199999999999790e+00,1.199999999999999956e-01,3.556600000000000250e+02,1.147104011097075613e+02,1.775194999999999936e+02,4.547752684282643543e+01,4.546999999999999886e+01,8.584000000000000341e+01,9.489578968531743541e+00,6.707499999999998863e+01,-1.796899999999999977e+02,1.781500000000000057e+02,1.066502664283591884e+02,5.716740000000000066e+01,1.981926843453359766e+02
-1.972510000000000119e+01,1.330480000000000018e+01,6.661101134069276952e+00,-3.196401000000000714e+00,-1.942220000000000013e+01,8.237600000000000477e+00,7.716722602338637493e+00,-9.292266000000001469e+00,-1.688429999999999964e+01,7.634500000000000064e+00,5.223467577201470924e+00,-8.621349999999998737e-01,-7.109300000000000175e+00,3.647400000000000198e+00,2.352253791510388936e+00,-2.599944999999999951e+00,9.864403860638613963e+00,-9.799099999999999255e+00,-6.327099999999999724e+00,8.169461507951427670e-01,-8.806301000000001267e+00,-4.782099999999999795e+00,5.558600000000000207e+00,2.377093192817437473e+00,-9.343099999999990302e-02,-1.636789999999999878e+01,1.444730000000000025e+01,6.335032995667821076e+00,-5.262000000000000011e-01,9.182558502802308453e+00,-1.184529999999999994e+01,1.289809999999999945e+01,7.035449906857413893e+00,-1.116389999999999993e+00,-1.252759999999999962e+01,8.770599999999999952e+00,4.424616599133873507e+00,-7.206870000000000775e-01,-4.229199999999999626e+00,4.075099999999999945e+00,1.625273886113968169e+00,-9.605400000000001437e-02,1.429196565931013074e+00,-6.045399999999999885e+00,4.154799999999999827e+00,2.333299841508587491e+00,1.682039999999999647e-01,-4.158199999999999896e+00,3.302200000000000024e+00,1.506687957481243068e+00,-1.986090000000000078e-01,-2.246999999999999886e+01,3.968999999999999773e+01,1.493592848001087603e+01,1.165620000000000189e+01,2.774247490996432086e-01,2.623000000000000043e+01,5.407000000000000028e+01,5.953875795647738833e+00,4.445489999999999498e+01,-3.797999999999999687e+01,2.814000000000000057e+01,1.609915897772302884e+01,-1.011000000000001481e-01,5.000000000000000278e-02,3.579599999999999795e+02,1.310731544005483897e+02,1.805257000000000005e+02,4.595775618608899293e+01,4.229999999999999716e+01,8.676999999999999602e+01,1.142967238156894716e+01,6.614550000000001262e+01,-1.751200000000000045e+02,1.681800000000000068e+02,8.446751395057154355e+01,5.449490000000000123e+01,1.998360569485647318e+02
-1.973209999999999908e+01,1.270790000000000042e+01,6.694644452777159138e+00,-2.788850000000000495e+00,-1.942220000000000013e+01,8.730700000000000571e+00,7.673792390308457279e+00,-8.934838000000000946e+00,-1.812379999999999924e+01,1.312679999999999936e+01,5.750196983793163241e+00,-3.223240000000001104e-01,-7.988900000000000112e+00,2.212699999999999889e+00,1.946691438434709820e+00,-3.321825000000000028e+00,9.365516919514906391e+00,-9.799899999999999167e+00,-4.918800000000000061e+00,8.976736874833749491e-01,-8.573019999999999641e+00,-6.927699999999999747e+00,4.008099999999999774e+00,2.298407832712897392e+00,-1.327081999999999873e+00,-1.656139999999999901e+01,1.356370000000000076e+01,6.353070658956265326e+00,1.754970000000000974e-01,9.289367033643841864e+00,-1.239680000000000071e+01,1.533760000000000012e+01,7.252560002488706914e+00,-1.625549000000000133e+00,-1.108409999999999940e+01,9.196400000000000574e+00,4.441360164888228823e+00,4.888800000000003559e-02,-4.283999999999999808e+00,3.742599999999999927e+00,1.864836554573885419e+00,-3.952049999999999730e-01,1.635725767038595624e+00,-7.720500000000000362e+00,5.242300000000000182e+00,2.382143928592686866e+00,-7.248629999999998130e-01,-3.571200000000000152e+00,3.640699999999999825e+00,1.581649758437056796e+00,-1.245940000000000242e-01,-1.637000000000000099e+01,4.415999999999999659e+01,1.529986965271273291e+01,1.715189999999999770e+01,8.349473190746826701e-01,2.371999999999999886e+01,5.128999999999999915e+01,6.672914143011282384e+00,4.133780000000000854e+01,-3.064999999999999858e+01,3.753000000000000114e+01,1.468925869334460543e+01,8.874799999999998690e+00,3.689999999999999947e+00,3.598100000000000023e+02,1.070082742578348558e+02,1.741406000000000063e+02,4.562634608962237337e+01,3.010000000000000142e+01,8.787999999999999545e+01,1.071342613919562048e+01,6.306940000000000168e+01,-1.792100000000000080e+02,1.762100000000000080e+02,8.216848661202176629e+01,8.347669999999999391e+01,2.031527928127250959e+02
-1.595270000000000010e+01,9.668100000000000804e+00,5.535986839938386694e+00,-3.083373000000000363e+00,-1.942220000000000013e+01,6.335700000000000109e+00,7.629514212162134434e+00,-9.227304000000000173e+00,-1.749210000000000065e+01,1.722060000000000102e+01,6.055863434672218659e+00,-3.731200000000000627e-01,-6.894800000000000040e+00,2.730900000000000105e+00,2.325226368980018332e+00,-2.370040000000000369e+00,9.735992332574268104e+00,-9.798600000000000421e+00,-6.964900000000000091e+00,6.955029666787913012e-01,-8.905220999999999165e+00,-5.169500000000000206e+00,3.518299999999999983e+00,1.993087295002153203e+00,-1.177950999999999970e+00,-1.316670000000000051e+01,1.434859999999999935e+01,5.900708642627933820e+00,-9.304039999999997868e-01,9.290189407048812242e+00,-1.201609999999999978e+01,1.208880000000000088e+01,7.567180218669567360e+00,-1.642524000000000317e+00,-1.239879999999999960e+01,1.424879999999999924e+01,5.121264650425614740e+00,1.450100000000003470e-02,-4.135900000000000354e+00,3.889200000000000212e+00,1.620248082652468335e+00,-1.624690000000000023e-01,1.887788911079043341e+00,-7.934199999999999697e+00,4.675099999999999589e+00,2.423186987374065460e+00,-5.452110000000000012e-01,-3.453599999999999781e+00,2.258500000000000174e+00,1.450369542461506622e+00,-5.822999999999999704e-02,-6.969999999999999751e+00,4.213000000000000256e+01,1.304383137732161835e+01,1.846900000000000475e+01,5.718758111530858335e-01,2.671999999999999886e+01,5.149000000000000199e+01,6.000548304946807576e+00,4.159020000000000294e+01,-1.933999999999999986e+01,3.206000000000000227e+01,1.383782171405600891e+01,9.821099999999999497e+00,2.651000000000000156e+01,3.306700000000000159e+02,7.028192223118260529e+01,1.839857000000000085e+02,4.655429842936096918e+01,4.399000000000000199e+01,8.768000000000000682e+01,9.665006637866317973e+00,6.723869999999999436e+01,-1.790999999999999943e+02,1.788700000000000045e+02,1.032924510453692193e+02,6.352520000000000522e+01,2.059301619899814284e+02
-1.966130000000000067e+01,1.195909999999999940e+01,6.586778753978228984e+00,-3.002421000000000451e+00,-1.942220000000000013e+01,7.673099999999999810e+00,7.189467669257855853e+00,-8.868835999999998165e+00,-2.006589999999999918e+01,9.789400000000000546e+00,5.803813618075962744e+00,-1.743006000000000055e+00,-7.549500000000000099e+00,6.395999999999999464e-01,1.843734557385905415e+00,-3.809900999999999982e+00,9.524119579896769494e+00,-9.784200000000000230e+00,-4.855400000000000382e+00,1.224827602139991090e+00,-8.297406000000000503e+00,-6.718799999999999883e+00,3.850000000000000089e+00,2.447300462864950621e+00,-1.385369000000000073e+00,-1.188879999999999981e+01,1.360040000000000049e+01,6.275515466893217820e+00,-8.122800000000002241e-02,9.234800443149705274e+00,-1.432189999999999941e+01,1.513690000000000069e+01,7.010611093690122253e+00,-1.869573000000000373e+00,-1.363620000000000054e+01,1.275140000000000029e+01,5.073198655187474593e+00,1.236598000000000308e+00,-4.400299999999999656e+00,3.692099999999999937e+00,1.650931441933310539e+00,-2.965059999999999363e-01,2.243005975006977515e+00,-5.653599999999999959e+00,4.890100000000000335e+00,2.314021067901284479e+00,-3.011469999999999425e-01,-3.420999999999999819e+00,2.413899999999999935e+00,1.484107182629003985e+00,-2.721129999999999938e-01,-2.305999999999999872e+01,4.015999999999999659e+01,1.546435154637917542e+01,1.193849999999999767e+01,5.026438186370145722e-01,2.514000000000000057e+01,5.282000000000000028e+01,6.295522608171620682e+00,4.307030000000000314e+01,-3.256000000000000227e+01,3.346999999999999886e+01,1.670151430260142789e+01,-1.716000000000000414e+00,1.260000000000000009e+00,3.583100000000000023e+02,1.199362889151986451e+02,1.801444999999999652e+02,4.472720850153742589e+01,2.967999999999999972e+01,8.612999999999999545e+01,1.291710741458783396e+01,6.016979999999999507e+01,-1.704600000000000080e+02,1.705900000000000034e+02,5.955654517338963672e+01,9.932010000000002492e+01,2.143290180453874143e+02
-1.900870000000000104e+01,1.010469999999999935e+01,5.928758918323462801e+00,-3.541999999999999815e+00,-1.942220000000000013e+01,6.970399999999999707e+00,7.764491362911289052e+00,-9.083574000000000481e+00,-1.542009999999999970e+01,1.271909999999999918e+01,4.633960030349419945e+00,-1.185582000000000136e+00,-5.924000000000000377e+00,-4.660000000000000253e-02,1.424521950690827321e+00,-3.431840000000000224e+00,9.821541899936077513e+00,-9.801899999999999835e+00,-7.509400000000000297e+00,5.285218164882127256e-01,-8.855736000000000274e+00,-3.965500000000000025e+00,3.911999999999999922e+00,1.812979193750165585e+00,-6.109769999999997703e-01,-1.364349999999999952e+01,1.538129999999999953e+01,6.283617923712739639e+00,4.101400000000003654e-02,9.517083522898444059e+00,-1.081429999999999936e+01,1.458869999999999933e+01,6.995579962424487874e+00,-7.678149999999999142e-01,-1.244529999999999959e+01,7.833700000000000330e+00,4.071070620729146938e+00,-4.614059999999999828e-01,-4.498199999999999754e+00,3.346999999999999975e+00,1.714760159321413902e+00,-8.679799999999998628e-02,8.967260001009225157e-01,-6.033100000000000129e+00,4.491699999999999804e+00,2.146028356918658897e+00,-6.130490000000000661e-01,-3.408999999999999808e+00,2.567699999999999871e+00,1.458239051608480441e+00,-1.627420000000000533e-01,-5.849999999999999645e+00,4.697999999999999687e+01,1.276826733899318178e+01,2.530540000000000589e+01,6.401936642680872147e-01,2.208999999999999986e+01,5.164000000000000057e+01,7.469470580971586671e+00,3.836820000000000164e+01,-2.257000000000000028e+01,3.236999999999999744e+01,1.423667416884996939e+01,7.348099999999999632e+00,5.870000000000000107e+00,3.521600000000000250e+02,8.276146841924689568e+01,1.877452999999999861e+02,4.654542527477861569e+01,4.996999999999999886e+01,8.492000000000000171e+01,7.598568809979941996e+00,6.594019999999999015e+01,4.453999999999999915e+01,1.765000000000000000e+02,3.092780221742243540e+01,1.053179999999999978e+02,2.251405977875380984e+02
-1.758599999999999852e+01,1.074169999999999980e+01,6.780832128260071201e+00,-3.717034000000000837e+00,-1.942220000000000013e+01,7.641200000000000436e+00,7.293971962415197297e+00,-9.653751000000001525e+00,-1.751889999999999858e+01,1.235970000000000013e+01,5.688840050326604114e+00,-1.324559999999999516e+00,-6.680299999999999905e+00,1.496499999999999941e+00,1.796619391293270196e+00,-3.079327000000000147e+00,1.042907998438773731e+01,-9.805500000000000327e+00,-6.878599999999999604e+00,6.504242479981815483e-01,-8.855995999999999313e+00,-4.671899999999999942e+00,4.956599999999999895e+00,2.042821211529536107e+00,-6.599849999999999328e-01,-1.186139999999999972e+01,1.356959999999999944e+01,5.849961767195662077e+00,-1.994429999999998426e-01,9.399281894122019310e+00,-1.185389999999999944e+01,1.595330000000000048e+01,6.607771697040085712e+00,-1.052086000000000077e+00,-1.249939999999999962e+01,1.144960000000000022e+01,5.217792414385512778e+00,-1.899100000000003216e-02,-4.547500000000000320e+00,3.584299999999999820e+00,1.769887048733619128e+00,-3.995350000000000290e-01,1.070991652500615565e+00,-5.322000000000000064e+00,6.526200000000000223e+00,2.037395083145141950e+00,-6.048759999999999692e-01,-3.264499999999999957e+00,2.906600000000000072e+00,1.467512224037673896e+00,-1.492099999999999815e-01,-2.689999999999999858e+01,4.143999999999999773e+01,1.482696400616120869e+01,1.508059999999999690e+01,7.401127047288136307e-01,2.301999999999999957e+01,5.165999999999999659e+01,6.551853404953441817e+00,4.179639999999999134e+01,-3.091000000000000014e+01,3.335999999999999943e+01,1.728049043603797941e+01,-9.723000000000001641e-01,2.669999999999999929e+00,3.584200000000000159e+02,1.000889157047872118e+02,1.488847999999999843e+02,4.444444753408459547e+01,4.453999999999999915e+01,8.909999999999999432e+01,1.030501403395453863e+01,6.614760000000001128e+01,-1.729000000000000057e+02,1.780399999999999920e+02,6.828704278814538497e+01,8.784050000000000580e+01,1.850895515609944084e+02
-1.913680000000000092e+01,1.038030000000000008e+01,5.892917198627178443e+00,-3.029681999999999764e+00,-1.942220000000000013e+01,7.878499999999999837e+00,7.819417490929295944e+00,-8.960707000000001088e+00,-1.643059999999999832e+01,1.270129999999999981e+01,5.061946116616018898e+00,-1.071774000000000004e+00,-6.658299999999999663e+00,5.165399999999999991e+00,2.627835468118961071e+00,-1.596263999999999905e+00,9.519555791529819899e+00,-9.802899999999999281e+00,-7.146700000000000053e+00,7.482193667394608783e-01,-8.843306000000001887e+00,-6.249399999999999622e+00,4.557400000000000340e+00,2.350547579118533736e+00,-1.558130000000000459e+00,-1.447189999999999976e+01,1.420880000000000010e+01,6.485255665954581694e+00,-2.654697999999999780e+00,9.120300919609611867e+00,-1.265760000000000041e+01,1.675619999999999976e+01,8.246589735890768935e+00,-1.384250999999999898e+00,-1.339980000000000082e+01,1.012739999999999974e+01,4.641898320344705731e+00,1.485910000000000564e-01,-3.365400000000000169e+00,4.134800000000000253e+00,1.648727069667990763e+00,-2.108879999999999921e-01,2.997607644019810280e+00,-5.607700000000000351e+00,4.092900000000000205e+00,1.994857119971252368e+00,-2.761699999999999156e-01,-4.328199999999999825e+00,3.373400000000000176e+00,1.783615899777471592e+00,-1.500809999999999644e-01,-1.200999999999999979e+01,3.328999999999999915e+01,9.686760706758477113e+00,1.401509999999999678e+01,3.785074953088774508e-01,1.403999999999999915e+01,4.957000000000000028e+01,8.793183382598135367e+00,3.831199999999999761e+01,-3.681000000000000227e+01,3.235000000000000142e+01,1.895730974452862228e+01,-8.755000000000001670e-01,6.700000000000000178e+00,3.449399999999999977e+02,7.037142132222426483e+01,1.166553000000000111e+02,4.080439770735505078e+01,4.678000000000000114e+01,8.801999999999999602e+01,1.099872425829468625e+01,6.641130000000001132e+01,-1.736999999999999886e+02,1.786500000000000057e+02,1.094507394153187079e+02,5.667120000000000601e+01,1.457070509454501632e+02
-1.722670000000000101e+01,1.026909999999999989e+01,6.099021377743399697e+00,-3.522477000000000746e+00,-1.942220000000000013e+01,7.255399999999999849e+00,8.258626121233724859e+00,-8.953526000000000096e+00,-1.620009999999999906e+01,1.719549999999999912e+01,5.033594292799032921e+00,-8.602989999999997028e-01,-7.455499999999999794e+00,1.355099999999999971e+00,2.220320602050748882e+00,-3.263346999999999554e+00,9.659895776746555640e+00,-9.783200000000000784e+00,-6.242399999999999949e+00,9.107216473429189385e-01,-8.681519000000001540e+00,-4.895299999999999763e+00,3.654100000000000126e+00,1.974135602795309419e+00,-7.040760000000000352e-01,-1.939480000000000004e+01,1.524390000000000001e+01,6.909374322774747945e+00,-5.695589999999999264e-01,9.301286405844408023e+00,-1.213199999999999967e+01,1.552120000000000033e+01,6.992731759478838072e+00,-2.582476000000000216e+00,-1.503240000000000087e+01,1.090380000000000038e+01,5.331935557856922081e+00,-2.435190000000000132e-01,-3.937800000000000189e+00,4.341999999999999638e+00,1.910216172148848646e+00,-1.072190000000000643e-01,2.655726124512466590e+00,-6.554899999999999949e+00,5.472900000000000098e+00,2.446913273329482053e+00,-2.194019999999999304e-01,-4.190599999999999881e+00,3.081300000000000150e+00,1.505425370179139799e+00,-1.996889999999999776e-01,-1.168999999999999950e+01,4.664999999999999858e+01,1.237353174158453406e+01,1.880320000000000036e+01,3.154502310761555517e-01,1.360999999999999943e+01,4.924000000000000199e+01,8.986775951363201287e+00,3.622799999999999443e+01,-3.453999999999999915e+01,3.117999999999999972e+01,1.722031264843934295e+01,7.187699999999999534e+00,3.599999999999999867e-01,3.554800000000000182e+02,8.672835995561082711e+01,2.261478999999999644e+02,4.144504005945704961e+01,4.031000000000000227e+01,8.553000000000000114e+01,1.160032386444447461e+01,6.379319999999999879e+01,-1.776899999999999977e+02,1.790099999999999909e+02,7.199459421345467547e+01,8.227019999999998845e+01,2.489594964019046586e+02
-1.873580000000000112e+01,1.157699999999999996e+01,5.899204530397213375e+00,-3.728279000000001009e+00,-1.942220000000000013e+01,6.593799999999999883e+00,8.129315403956473673e+00,-9.461285999999999419e+00,-1.564119999999999955e+01,1.832860000000000156e+01,5.548669367220937509e+00,-1.099992000000000081e+00,-8.355499999999999261e+00,2.629199999999999982e+00,2.742305383909494410e+00,-2.992858999999999270e+00,1.022868415172259304e+01,-9.802300000000000679e+00,-3.773000000000000131e+00,1.609049134614602306e+00,-7.948413999999998758e+00,-8.468099999999999739e+00,4.889300000000000423e+00,3.003067657662577883e+00,-2.215449000000000002e+00,-1.195490000000000030e+01,1.332440000000000069e+01,6.203875150638026525e+00,-5.624640000000001860e-01,8.777397358037173802e+00,-1.533810000000000073e+01,1.372799999999999976e+01,7.709869037253746171e+00,-1.954713999999999841e+00,-1.045509999999999984e+01,1.482199999999999918e+01,5.313626382745685994e+00,1.314882999999999802e+00,-4.372799999999999798e+00,3.550600000000000200e+00,1.711327632528616638e+00,-4.596879999999999300e-01,2.422021857205463036e+00,-6.182199999999999918e+00,3.934000000000000163e+00,2.403298398047150730e+00,-9.204120000000000079e-01,-4.212600000000000122e+00,2.669299999999999784e+00,1.570731367577218540e+00,-2.496029999999999360e-01,-1.151999999999999957e+01,4.677000000000000313e+01,1.423133246431970456e+01,2.135269999999999868e+01,1.058665652931557011e+00,2.110000000000000142e+01,5.127000000000000313e+01,7.595195531386931265e+00,4.025219999999999487e+01,-1.933999999999999986e+01,3.285000000000000142e+01,1.328012213799255647e+01,6.575999999999998735e+00,1.270000000000000018e+00,3.587900000000000205e+02,1.226211712225910730e+02,1.858440000000000225e+02,4.603717169994264680e+01,2.746999999999999886e+01,8.651000000000000512e+01,1.718272141978679812e+01,5.789810000000001367e+01,-1.781800000000000068e+02,1.766200000000000045e+02,9.740131093424768949e+01,7.627230000000000132e+01,2.090637368529033040e+02
-1.965030000000000143e+01,1.286969999999999992e+01,6.713255973627924256e+00,-2.512906999999999780e+00,-1.942220000000000013e+01,9.101100000000000634e+00,8.288253733665735368e+00,-9.363424000000000191e+00,-2.003259999999999863e+01,1.240029999999999966e+01,5.607509172548539311e+00,-6.128720000000000834e-01,-6.543700000000000294e+00,1.909699999999999953e+00,1.815306877748222192e+00,-3.149400000000000421e+00,9.714114611368808383e+00,-9.806599999999999540e+00,-7.182000000000000384e+00,6.394192370229410116e-01,-8.760695000000000121e+00,-5.774000000000000021e+00,3.882899999999999796e+00,2.310275350531836747e+00,-6.784250000000000558e-01,-1.436589999999999989e+01,1.654759999999999920e+01,6.383477176443807188e+00,3.529110000000001413e-01,9.334278639704837843e+00,-1.250309999999999988e+01,1.539850000000000030e+01,7.392987305141203613e+00,-1.922861000000000153e+00,-1.077040000000000042e+01,1.156799999999999962e+01,4.901702021934422504e+00,2.482579999999998677e-01,-3.732600000000000140e+00,3.612800000000000011e+00,1.765685349743832511e+00,-1.973900000000000654e-01,1.970678216707639763e+00,-7.566200000000000259e+00,4.864300000000000068e+00,2.454048383189704197e+00,-4.032579999999999498e-01,-4.886300000000000310e+00,4.683300000000000018e+00,1.584718504927294491e+00,-1.659710000000000352e-01,-2.923000000000000043e+01,2.410999999999999943e+01,1.282276919038941543e+01,5.837699999999999889e+00,4.786712854402276895e-01,1.064000000000000057e+01,5.017999999999999972e+01,8.579288723431565344e+00,3.875100000000000477e+01,-5.036999999999999744e+01,3.019999999999999929e+01,2.077058282860642180e+01,4.063599999999999213e+00,5.240000000000000213e+00,3.593399999999999750e+02,1.159622358412858460e+02,2.066137000000000228e+02,3.939837036287160998e+01,4.707999999999999829e+01,8.990000000000000568e+01,9.250079837493295543e+00,6.497100000000001785e+01,-1.685900000000000034e+02,1.782899999999999920e+02,5.976844948164541194e+01,9.237160000000000082e+01,2.354632972572370875e+02
-1.714089999999999847e+01,1.204449999999999932e+01,6.499542041105664580e+00,-2.189389999999999503e+00,-1.942220000000000013e+01,8.553399999999999892e+00,7.861396938112462429e+00,-9.148105999999998517e+00,-2.004200000000000159e+01,1.449360000000000070e+01,6.177551106189572039e+00,-6.842959999999999043e-01,-6.630499999999999616e+00,1.613599999999999923e+00,1.728019902490709248e+00,-2.856986000000000026e+00,9.431306005795381253e+00,-9.794800000000000395e+00,-5.796100000000000030e+00,8.581107268319166925e-01,-8.776063999999998089e+00,-6.969800000000000217e+00,3.070800000000000196e+00,2.327980850482022301e+00,-1.358982999999999830e+00,-1.416569999999999929e+01,1.663629999999999853e+01,6.708957608669994244e+00,2.387869999999999160e-01,9.328906856142415549e+00,-1.376549999999999940e+01,1.539100000000000001e+01,7.088881698272302856e+00,-1.432730000000000059e+00,-1.021560000000000024e+01,1.070630000000000059e+01,4.770585405496479581e+00,7.570920000000000982e-01,-4.246199999999999974e+00,4.917500000000000426e+00,2.012190832205285940e+00,-2.557829999999999271e-01,1.637962997363798578e+00,-6.057400000000000340e+00,5.809300000000000352e+00,2.473212539823256062e+00,-3.803810000000000247e-01,-4.813100000000000378e+00,2.724099999999999966e+00,1.603802425069559723e+00,-1.572210000000000274e-01,-1.860000000000000142e+01,4.522999999999999687e+01,1.716041437844669204e+01,1.552939999999999898e+01,4.845958017678239083e-01,2.262999999999999901e+01,5.542999999999999972e+01,7.418316183609323211e+00,4.154299999999999926e+01,-3.493999999999999773e+01,2.583999999999999986e+01,1.475080582849628641e+01,-2.802899999999999725e+00,5.209999999999999964e+00,3.577900000000000205e+02,1.076897875889817158e+02,1.519947999999999695e+02,4.443916472853648969e+01,3.622999999999999687e+01,8.718999999999999773e+01,1.115488200340998759e+01,6.547069999999999368e+01,-1.775699999999999932e+02,1.795000000000000000e+02,6.563852759431765094e+01,1.036555000000000177e+02,1.952774806929359954e+02
-1.969519999999999982e+01,8.563599999999999213e+00,6.018740531426487905e+00,-2.600957999999999881e+00,-1.942220000000000013e+01,8.461600000000000676e+00,8.271585971566516093e+00,-9.067727999999998900e+00,-1.847530000000000072e+01,9.588100000000000733e+00,4.678554640709029933e+00,-1.057589999999999808e+00,-7.200700000000000323e+00,1.763700000000000045e+00,2.048631178147008569e+00,-3.302218000000000320e+00,9.492479665917011644e+00,-9.595599999999999241e+00,-6.585499999999999687e+00,7.532049584349536087e-01,-8.534883000000000663e+00,-5.409600000000000186e+00,1.377399999999999958e+00,1.718553935538829736e+00,-2.168838000000000044e+00,-1.093410000000000082e+01,1.341789999999999949e+01,6.125301658790283987e+00,3.086889999999999912e-01,9.404931143472396116e+00,-1.282089999999999996e+01,1.386689999999999934e+01,7.677759542948646043e+00,-1.699118999999999824e+00,-9.319800000000000750e+00,1.152130000000000010e+01,4.492444255962560362e+00,6.176370000000001026e-01,-4.041999999999999815e+00,3.377200000000000202e+00,1.725712687563894621e+00,-3.681409999999998850e-01,1.834058270244159683e+00,-7.468600000000000350e+00,4.398600000000000065e+00,2.229348793843394905e+00,-5.162829999999999364e-01,-3.764400000000000190e+00,3.655699999999999950e+00,1.575220495921443975e+00,-1.733770000000000588e-01,-7.389999999999999680e+00,3.091000000000000014e+01,9.076990142112087767e+00,1.263859999999999850e+01,6.573701515120684569e-01,1.164000000000000057e+01,4.935999999999999943e+01,8.677686959092266505e+00,3.816520000000000579e+01,-3.457000000000000028e+01,3.425000000000000000e+01,1.975066603307341495e+01,9.665000000000000258e-01,1.302999999999999936e+01,3.457599999999999909e+02,9.235559662933265201e+01,1.460182000000000073e+02,4.021505717079114817e+01,4.221000000000000085e+01,7.809000000000000341e+01,8.654019793714365250e+00,6.178790000000000049e+01,-1.784499999999999886e+02,1.799300000000000068e+02,7.513598650606779472e+01,1.062075999999999851e+02,1.908379249924133774e+02
-1.973209999999999908e+01,8.818099999999999383e+00,6.504987610218715410e+00,-3.320598999999999634e+00,-1.942220000000000013e+01,8.805099999999999483e+00,8.555725652970119555e+00,-8.948753000000001734e+00,-1.780829999999999913e+01,1.459510000000000041e+01,5.410911830002777201e+00,-1.080455999999999861e+00,-6.841999999999999638e+00,1.420199999999999907e+00,1.748379619573220634e+00,-2.593781000000000336e+00,9.605932705455824561e+00,-9.803499999999999659e+00,-6.602199999999999847e+00,7.242162747246156940e-01,-9.011331999999999454e+00,-4.452899999999999636e+00,4.417500000000000426e+00,2.154187941060621281e+00,-1.294329999999998537e-01,-1.574460000000000015e+01,1.380700000000000038e+01,6.484340501344681762e+00,-2.011911000000000449e+00,9.378089207918320014e+00,-1.195500000000000007e+01,1.661090000000000089e+01,8.440696759645556213e+00,-1.003802999999999779e+00,-1.451999999999999957e+01,1.035500000000000043e+01,5.327446398555690799e+00,3.534459999999999824e-01,-4.527099999999999902e+00,4.236100000000000421e+00,1.851257860012753609e+00,-1.963290000000000035e-01,2.276033921022706963e+00,-6.207699999999999996e+00,3.816800000000000193e+00,2.178100107955325271e+00,-2.758450000000000069e-01,-3.729900000000000215e+00,5.021300000000000097e+00,1.667532456970778343e+00,6.356999999999968579e-03,-2.450000000000000178e+00,4.375000000000000000e+01,1.115225310150374938e+01,2.189260000000000161e+01,3.386383789752720475e-01,9.189999999999999503e+00,4.864999999999999858e+01,8.666916039745625966e+00,3.602940000000000254e+01,-3.363000000000000256e+01,3.257999999999999829e+01,1.735423223193696884e+01,3.605800000000000338e+00,3.200000000000000067e-01,3.217799999999999727e+02,7.237335845039940807e+01,1.837130999999999688e+02,4.231318225754238682e+01,4.232000000000000028e+01,8.737000000000000455e+01,1.100425851159450019e+01,6.950690000000000168e+01,-1.779799999999999898e+02,1.793499999999999943e+02,7.468667532264373676e+01,7.678749999999999432e+01,2.108981565008807593e+02
-1.857740000000000080e+01,1.036989999999999945e+01,6.037659260599591349e+00,-3.130163999999999724e+00,-1.942220000000000013e+01,5.390399999999999636e+00,7.586005818269849321e+00,-9.619724000000001496e+00,-1.457929999999999993e+01,1.566350000000000087e+01,5.645498400561194785e+00,-1.396369000000000193e+00,-6.035099999999999909e+00,2.459499999999999797e+00,1.833051659896959951e+00,-2.308707000000000065e+00,1.021209395213503690e+01,-9.773199999999999221e+00,-6.819099999999999717e+00,6.799992037083573138e-01,-8.864933999999999870e+00,-7.043999999999999595e+00,2.968799999999999883e+00,2.110599867473462954e+00,-1.994011000000000200e+00,-1.528389999999999915e+01,1.421529999999999916e+01,6.300297118179347677e+00,-9.685809999999998032e-01,9.375140676508591397e+00,-1.202159999999999940e+01,1.332399999999999984e+01,6.630120088959476021e+00,-1.570223999999999842e+00,-1.121160000000000068e+01,9.598399999999999821e+00,4.610170630509352385e+00,4.261829999999999785e-01,-4.272599999999999731e+00,3.765699999999999825e+00,1.696351900455504103e+00,-2.988109999999999378e-01,1.893511160047914421e+00,-6.473200000000000287e+00,4.982300000000000395e+00,1.947866270608945127e+00,-3.494320000000000204e-01,-3.820600000000000218e+00,2.737699999999999800e+00,1.582560176198996915e+00,-2.202029999999999543e-01,-3.700000000000000178e+00,4.139000000000000057e+01,9.538293178027187125e+00,1.824349999999999739e+01,5.097843637794318150e-01,2.575000000000000000e+01,5.078999999999999915e+01,5.474976325062968385e+00,4.142679999999999296e+01,-3.110999999999999943e+01,3.335999999999999943e+01,1.803387177812906472e+01,5.196299999999997254e+00,5.490000000000000213e+00,3.364599999999999795e+02,9.959240356427793017e+01,1.458372999999999990e+02,4.556321525287695096e+01,4.528000000000000114e+01,8.526000000000000512e+01,1.007910403309738712e+01,6.671830000000001348e+01,-1.744499999999999886e+02,1.795000000000000000e+02,9.580442990885129007e+01,8.972719999999999629e+01,1.837683869603800986e+02
-1.865650000000000119e+01,1.092430000000000057e+01,6.420161250740045844e+00,-2.784336000000000144e+00,-1.942220000000000013e+01,8.485900000000000887e+00,8.522751466134396381e+00,-8.628451999999999344e+00,-2.006589999999999918e+01,1.324230000000000018e+01,5.252191367897689034e+00,-2.733409999999999451e-01,-6.722199999999999953e+00,1.531199999999999894e+00,2.093703737936912557e+00,-2.777193000000000467e+00,9.070690501801998096e+00,-9.802799999999999514e+00,-6.156399999999999650e+00,9.358270054080508604e-01,-8.616493000000000180e+00,-5.899899999999999700e+00,5.389599999999999724e+00,2.989672738957225739e+00,-1.270560000000000300e-01,-1.328969999999999985e+01,1.458239999999999981e+01,6.539009691631523680e+00,-5.281569999999999876e-01,9.053888435663097312e+00,-1.287490000000000023e+01,1.603529999999999944e+01,8.507593270084024439e+00,-1.425361000000000100e+00,-1.123199999999999932e+01,9.757899999999999352e+00,4.666352863639868787e+00,-4.262000000000000233e-01,-4.317099999999999937e+00,4.020900000000000141e+00,1.845409265376924290e+00,-1.432809999999999917e-01,1.578686237657755731e+00,-6.056099999999999817e+00,5.824200000000000266e+00,2.267211132735546641e+00,-3.317400000000001459e-01,-4.103500000000000369e+00,3.567600000000000104e+00,1.573833996181299932e+00,-8.950799999999999035e-02,-5.682999999999999829e+01,2.748999999999999844e+01,1.415696077694644117e+01,5.483399999999997831e+00,3.722802098218492839e-01,2.800000000000000000e+01,5.134000000000000341e+01,5.065645343882652085e+00,4.340749999999999886e+01,-5.404999999999999716e+01,3.228000000000000114e+01,1.995305688459790616e+01,7.264000000000001567e-01,5.699999999999999512e-01,3.589399999999999977e+02,1.360697873312073796e+02,1.732041999999999859e+02,4.375850076008087086e+01,3.939000000000000057e+01,8.554999999999999716e+01,1.214819476753645233e+01,6.384330000000000638e+01,-1.766399999999999864e+02,1.741699999999999875e+02,8.363323552816785877e+01,6.044470000000000454e+01,1.942401184375153491e+02
-1.703829999999999956e+01,1.094410000000000061e+01,6.686066245725958090e+00,-3.375557999999999836e+00,-1.942220000000000013e+01,9.023099999999999454e+00,7.912853246402588248e+00,-9.508836000000000510e+00,-1.580840000000000067e+01,1.369630000000000081e+01,5.305156375706469696e+00,-6.289989999999999748e-01,-4.983100000000000307e+00,2.621999999999999886e+00,1.661518815451693776e+00,-1.695089999999999764e+00,1.010979691330449270e+01,-9.792999999999999261e+00,-6.466300000000000381e+00,5.730862991696800135e-01,-9.236448000000001102e+00,-7.341199999999999726e+00,4.941900000000000404e+00,2.140403956550958942e+00,-5.610410000000000119e-01,-1.498119999999999941e+01,1.195139999999999958e+01,6.199263194974948377e+00,-1.979776999999999898e+00,9.407447516116421937e+00,-1.137229999999999919e+01,1.642389999999999972e+01,7.447456134339025979e+00,-6.544360000000001287e-01,-1.447160000000000046e+01,1.009950000000000081e+01,5.270236699968987359e+00,1.327699999999998881e-01,-4.220399999999999707e+00,4.554499999999999993e+00,1.719417174639127577e+00,-3.217340000000000200e-01,2.089361462438942940e+00,-6.741299999999999848e+00,5.800900000000000389e+00,2.447636548494077413e+00,-5.148260000000000058e-01,-3.185000000000000053e+00,2.757800000000000029e+00,1.508539805736328843e+00,3.946999999999974834e-03,-8.279999999999999361e+00,4.470000000000000284e+01,1.271347283632603720e+01,1.992380000000000351e+01,6.071030850201634133e-01,1.118999999999999950e+01,5.129999999999999716e+01,8.589182484963281183e+00,3.788320000000000931e+01,-3.160000000000000142e+01,3.023999999999999844e+01,1.535363346540485807e+01,2.209999999999993914e-02,5.000000000000000278e-02,3.569700000000000273e+02,9.886126773130111189e+01,1.685415999999999883e+02,4.280298046970561643e+01,4.775999999999999801e+01,8.915999999999999659e+01,8.672752778097621018e+00,7.336050000000000182e+01,-1.764600000000000080e+02,1.795300000000000011e+02,1.079600545280984960e+02,5.303729999999999478e+01,1.913138496871044083e+02
-1.969650000000000034e+01,1.040019999999999989e+01,5.843484110625356109e+00,-2.309686999999999379e+00,-1.942220000000000013e+01,5.809800000000000075e+00,7.704824456906465002e+00,-9.278383999999999077e+00,-1.916550000000000153e+01,1.257039999999999935e+01,5.427955831623079597e+00,-1.801542999999999672e+00,-6.602899999999999991e+00,3.458000000000000185e+00,2.193772977346562403e+00,-2.520392000000000188e+00,9.729780103901317645e+00,-9.800300000000000011e+00,-4.198000000000000398e+00,1.282076328733979809e+00,-8.306149999999998812e+00,-8.839700000000000557e+00,4.159500000000000419e+00,3.302428039710176844e+00,-1.861043999999999699e+00,-1.675760000000000005e+01,1.458280000000000065e+01,6.580030388673292485e+00,-8.837439999999999740e-01,8.877386351066400394e+00,-1.476580000000000048e+01,1.436849999999999916e+01,6.836873753443967416e+00,-2.985786999999999747e+00,-1.218999999999999950e+01,1.325929999999999964e+01,5.419691151290725983e+00,6.248110000000002273e-01,-4.428099999999999703e+00,4.634400000000000297e+00,1.836314906114689061e+00,-1.790090000000000015e-01,3.175896133790587328e+00,-6.479199999999999626e+00,7.369399999999999729e+00,2.443089500000153347e+00,-6.710670000000000801e-01,-3.560700000000000198e+00,2.380799999999999805e+00,1.483599697458853228e+00,-1.908499999999999641e-01,-6.099999999999999645e+00,4.284000000000000341e+01,1.053460574440258846e+01,1.777909999999999968e+01,7.202769349840381086e-01,2.391000000000000014e+01,5.089000000000000057e+01,6.090123624361003074e+00,4.110319999999999396e+01,-3.382999999999999829e+01,3.634000000000000341e+01,1.776346574827108427e+01,6.603099999999999525e+00,4.450000000000000178e+00,3.581200000000000045e+02,1.108859592484098044e+02,1.747033999999999878e+02,4.526776310643147383e+01,2.535000000000000142e+01,8.703000000000000114e+01,1.476949209519406381e+01,6.055150000000000432e+01,-1.777100000000000080e+02,1.799900000000000091e+02,9.175584509686561319e+01,7.953159999999999741e+01,2.012785073532939464e+02
-1.973209999999999908e+01,1.022279999999999944e+01,5.375433049030654331e+00,-2.767482999999999915e+00,-1.942220000000000013e+01,7.533100000000000129e+00,6.425459882968377556e+00,-8.969958000000001874e+00,-1.315349999999999930e+01,7.214999999999999858e+00,4.051821507925046362e+00,-1.292854000000000170e+00,-6.031600000000000072e+00,3.529100000000000126e+00,2.258690552978871668e+00,-1.804877999999999982e+00,9.475789156707161709e+00,-9.787200000000000344e+00,-6.590900000000000425e+00,6.782473701858342530e-01,-8.796593999999998914e+00,-6.346300000000000274e+00,4.104099999999999859e+00,2.214132432076049373e+00,-2.251373000000000069e+00,-1.239119999999999955e+01,1.359089999999999954e+01,5.032890148756576920e+00,-8.137430000000001051e-01,9.257771383051593972e+00,-1.167950000000000088e+01,1.451169999999999938e+01,6.282792149838796192e+00,-1.116018000000000177e+00,-1.324719999999999942e+01,1.023300000000000054e+01,4.041835680571266742e+00,6.235189999999998234e-01,-3.227199999999999847e+00,3.306000000000000050e+00,1.648818394662068254e+00,-1.129679999999999712e-01,1.515404167123081125e+00,-5.273299999999999876e+00,4.612499999999999822e+00,1.855540609276714159e+00,-9.124499999999999278e-02,-4.383300000000000196e+00,3.513399999999999856e+00,1.816574462353525599e+00,-9.363500000000002377e-02,-6.660000000000000142e+00,3.889999999999999858e+01,1.073500530554130883e+01,2.207030000000000669e+01,1.727857988203891915e-01,2.567999999999999972e+01,5.135999999999999943e+01,5.520314650452453620e+00,3.900959999999999184e+01,-3.048000000000000043e+01,3.328000000000000114e+01,1.742809331252274418e+01,6.380699999999999150e+00,5.980000000000000426e+00,3.456299999999999955e+02,8.000236930866485352e+01,1.309050000000000011e+02,4.527207049318597143e+01,4.453999999999999915e+01,8.612999999999999545e+01,9.182534579842322131e+00,6.576869999999999550e+01,-1.778000000000000114e+02,1.798300000000000125e+02,1.220982180054647728e+02,5.329829999999999757e+01,1.558921091895930715e+02
-1.815739999999999910e+01,1.465070000000000050e+01,6.427781101124943497e+00,-3.664310999999999208e+00,-1.942220000000000013e+01,8.881199999999999761e+00,8.353169281190163886e+00,-9.156841000000000008e+00,-2.006589999999999918e+01,1.819089999999999918e+01,5.666830081524854457e+00,-7.235849999999999227e-01,-8.602000000000000313e+00,3.697299999999999809e+00,3.340643475634447856e+00,-3.131849000000000327e+00,9.889311778694558797e+00,-9.800700000000000855e+00,-4.405400000000000205e+00,1.488121294318443422e+00,-7.721385999999998972e+00,-7.639999999999999680e+00,4.670899999999999608e+00,3.156711697044251697e+00,-1.844712000000000129e+00,-1.712059999999999960e+01,1.209660000000000046e+01,6.964753404240814127e+00,-8.713539999999998509e-01,8.534122232704483224e+00,-1.454850000000000065e+01,1.487260000000000026e+01,6.998749100350433849e+00,-2.889411999999999647e+00,-1.125789999999999935e+01,1.285050000000000026e+01,5.252668448376596189e+00,1.274776999999999827e+00,-4.253300000000000303e+00,3.349000000000000199e+00,1.896318174616011376e+00,-3.114389999999999659e-01,3.276128187172932194e+00,-7.804899999999999949e+00,9.076499999999999346e+00,2.800976274677099198e+00,-1.654640000000000555e-01,-3.388199999999999878e+00,4.719699999999999562e+00,1.483421823243476600e+00,-1.069549999999999668e-01,-3.200999999999999801e+01,3.361999999999999744e+01,1.434096852238369557e+01,9.507200000000000983e+00,3.685267399280545697e-01,2.737000000000000099e+01,5.246000000000000085e+01,5.235059564131051779e+00,4.264439999999999742e+01,-4.397999999999999687e+01,3.080000000000000071e+01,1.913278969308971256e+01,8.416000000000002368e-01,2.799999999999999822e+00,3.583000000000000114e+02,1.224896968361012739e+02,2.425490000000000634e+02,4.369942784247863443e+01,2.669000000000000128e+01,8.800000000000000000e+01,1.510139836703872973e+01,5.416559999999999775e+01,-1.795600000000000023e+02,1.783400000000000034e+02,1.021133132994909687e+02,6.324499999999999744e+01,2.564446522143911125e+02
-1.939339999999999975e+01,1.009280000000000044e+01,6.235707523466041735e+00,-3.390782999999999436e+00,-1.942220000000000013e+01,7.964699999999999669e+00,7.913650283800200746e+00,-9.026752999999999361e+00,-1.807949999999999946e+01,1.893349999999999866e+01,6.085777049394021532e+00,-1.191130000000001493e-01,-7.366799999999999571e+00,2.407099999999999795e+00,2.254262390603853472e+00,-2.737103000000000286e+00,9.643332773624837984e+00,-9.799099999999999255e+00,-6.427800000000000402e+00,7.869321242496076785e-01,-8.885531999999999542e+00,-4.971199999999999619e+00,3.566600000000000215e+00,1.896014660458879453e+00,-6.557650000000001533e-01,-1.512149999999999928e+01,1.446380000000000088e+01,6.485846067181289420e+00,-9.545769999999998978e-01,9.320645873052892938e+00,-1.226009999999999955e+01,1.561780000000000079e+01,7.833670113172432004e+00,-9.569170000000001286e-01,-1.271829999999999927e+01,1.146829999999999927e+01,4.713897187741793893e+00,2.308399999999998786e-01,-3.933699999999999974e+00,3.615200000000000191e+00,1.654482439458031751e+00,-4.594850000000000878e-01,1.371201844885719723e+00,-6.869500000000000384e+00,3.822799999999999976e+00,2.338705505311859056e+00,-7.547679999999999945e-01,-3.649599999999999955e+00,4.303799999999999848e+00,1.613509400119813364e+00,1.592500000000003288e-02,-7.330000000000000071e+00,4.195000000000000284e+01,1.013731625776763501e+01,1.568970000000000198e+01,8.837730504343294102e-01,6.500000000000000000e+00,5.021999999999999886e+01,9.517759410176326540e+00,3.667089999999999606e+01,-3.215999999999999659e+01,3.522999999999999687e+01,2.049776220249420078e+01,1.166300000000000336e+00,4.160000000000000142e+00,3.569599999999999795e+02,1.058051057831804371e+02,1.928610999999999933e+02,3.990340647852011102e+01,4.103999999999999915e+01,8.775000000000000000e+01,1.066666643098958112e+01,6.740649999999999409e+01,-1.684000000000000057e+02,1.761100000000000136e+02,9.099000720826435895e+01,6.883319999999999084e+01,2.155853648968314076e+02
-1.913650000000000162e+01,8.417699999999999960e+00,5.529230790690871977e+00,-2.823625999999999081e+00,-1.942220000000000013e+01,8.682399999999999451e+00,7.208042976555771197e+00,-8.773755000000001303e+00,-1.687209999999999965e+01,1.182409999999999961e+01,5.090640275566129525e+00,-1.163028000000000173e+00,-6.990199999999999747e+00,1.595900000000000096e+00,2.076692527780412689e+00,-3.170619000000000298e+00,9.290009403476675587e+00,-9.798999999999999488e+00,-6.877699999999999925e+00,6.653932703379257241e-01,-8.626983000000000956e+00,-5.685999999999999943e+00,3.789899999999999824e+00,2.163947649644048177e+00,-1.501540000000000319e+00,-1.365279999999999916e+01,1.222519999999999918e+01,5.824977308975889834e+00,-1.994540000000000757e-01,9.313016852612795660e+00,-1.166300000000000026e+01,1.558479999999999954e+01,6.754482810502296708e+00,-1.530722999999999834e+00,-1.115339999999999954e+01,1.052560000000000073e+01,4.263667149590831151e+00,3.015499999999998182e-01,-3.475099999999999856e+00,3.479400000000000048e+00,1.521078585363359936e+00,8.400699999999999834e-02,1.572840488843353590e+00,-5.480599999999999916e+00,3.851999999999999869e+00,1.889665556196386875e+00,-5.853499999999998288e-02,-3.732299999999999951e+00,3.636600000000000055e+00,1.709305239592975978e+00,-1.436300000000000077e-01,-1.077999999999999936e+01,4.636999999999999744e+01,1.272322074004848957e+01,1.801800000000000068e+01,1.763890562761759873e-01,1.557000000000000028e+01,5.203000000000000114e+01,7.604920298727659400e+00,4.107750000000000767e+01,-3.338000000000000256e+01,3.457000000000000028e+01,1.859883216118689830e+01,2.406800000000000495e+00,1.320000000000000062e+00,3.581899999999999977e+02,1.095974957697027037e+02,1.717200999999999738e+02,4.491995120756477178e+01,4.674000000000000199e+01,8.773999999999999488e+01,8.613364903450914767e+00,6.311480000000000246e+01,-1.780999999999999943e+02,1.752100000000000080e+02,9.294451066394398708e+01,8.044120000000000914e+01,1.998550909546464140e+02
-1.973209999999999908e+01,1.075120000000000076e+01,6.812332215098951593e+00,-3.888875000000000526e+00,-1.942220000000000013e+01,8.392699999999999605e+00,7.675882207317865635e+00,-9.068459000000000714e+00,-1.304129999999999967e+01,1.153200000000000003e+01,5.098945594925582192e+00,-3.522669999999999968e-01,-7.007699999999999818e+00,2.158100000000000129e+00,1.868756396489119620e+00,-3.747390999999999917e+00,9.873418325969732123e+00,-9.741199999999999193e+00,-6.683699999999999974e+00,8.094318793691042124e-01,-8.551168999999999798e+00,-4.448000000000000398e+00,5.317700000000000315e+00,2.068880745113163666e+00,-7.598100000000002074e-01,-1.544860000000000078e+01,1.606919999999999860e+01,7.505857017919472796e+00,-2.398070000000001034e-01,9.367109576040093089e+00,-1.121720000000000006e+01,1.488129999999999953e+01,7.555708758955443471e+00,-1.201562000000000463e+00,-1.728130000000000166e+01,1.045819999999999972e+01,5.466454393345927976e+00,1.312869999999998205e-01,-3.950299999999999923e+00,4.920700000000000074e+00,1.883754651699631744e+00,-1.793399999999999717e-01,1.232272256225059870e+00,-6.508899999999999686e+00,4.905499999999999972e+00,2.169377625065769699e+00,-5.200800000000001949e-02,-4.051099999999999923e+00,2.977300000000000058e+00,1.626933396152405509e+00,-8.021999999999905942e-03,-1.103999999999999915e+01,3.597999999999999687e+01,1.145728542500360447e+01,1.145869999999999678e+01,1.869010972359446132e-01,1.125000000000000000e+01,5.285000000000000142e+01,9.871176857903012802e+00,4.220880000000000365e+01,-3.374000000000000199e+01,2.932000000000000028e+01,1.624782301571505982e+01,2.612500000000000711e+00,1.340000000000000080e+00,3.598199999999999932e+02,1.234883029956683771e+02,2.135845000000000482e+02,4.381449257243542661e+01,4.163000000000000256e+01,8.504000000000000625e+01,1.070213779531921361e+01,6.213810000000001565e+01,-1.323400000000000034e+02,1.631699999999999875e+02,4.733406427468488431e+01,9.689820000000001698e+01,2.426288178990698725e+02
-1.885549999999999926e+01,1.111989999999999945e+01,6.530882011658991182e+00,-3.358833000000000180e+00,-1.942220000000000013e+01,8.870300000000000296e+00,8.131320351722161277e+00,-8.588737000000001842e+00,-1.995319999999999894e+01,1.635290000000000177e+01,5.586337517806367003e+00,-5.303929999999998923e-01,-6.854199999999999626e+00,-1.703000000000000069e-01,1.715805176743268712e+00,-3.586381000000000263e+00,9.237395688802497062e+00,-9.791499999999999204e+00,-6.370899999999999785e+00,8.269929289969775166e-01,-8.488333000000000794e+00,-5.925399999999999778e+00,5.809099999999999930e+00,2.653099934581243602e+00,-7.677950000000000053e-01,-1.444089999999999918e+01,1.293270000000000053e+01,6.560156458858203088e+00,-1.429901000000000089e+00,9.246806743848116739e+00,-1.275880000000000081e+01,1.532300000000000040e+01,8.161712810660517903e+00,-8.035900000000001375e-01,-1.148240000000000016e+01,1.455910000000000082e+01,5.297092682487630100e+00,1.176343999999999834e+00,-4.121800000000000352e+00,5.163999999999999702e+00,1.813138944629175464e+00,-2.361370000000000136e-01,2.018454598012301204e+00,-7.147000000000000242e+00,7.050799999999999734e+00,2.376049351680010524e+00,-3.136910000000001641e-01,-3.714700000000000113e+00,3.346000000000000085e+00,1.663032743990328077e+00,5.895999999999972443e-03,-6.429999999999999716e+00,3.332999999999999829e+01,8.424617750378944336e+00,1.624760000000000204e+01,3.926798811576675541e-01,7.870000000000000107e+00,4.870000000000000284e+01,8.873509139004703172e+00,3.694660000000000366e+01,-3.663000000000000256e+01,3.300999999999999801e+01,2.030765603682512932e+01,3.127299999999999969e+00,1.850000000000000089e+00,3.586999999999999886e+02,1.151725519260557178e+02,1.878621999999999730e+02,4.048228949318455250e+01,4.417000000000000171e+01,8.715000000000000568e+01,1.064871633390616701e+01,6.202380000000000848e+01,-3.935999999999999943e+01,1.757899999999999920e+02,4.105523542972321849e+01,1.020790999999999968e+02,2.226191829382409537e+02
-1.973209999999999908e+01,1.078919999999999924e+01,6.661812283162819703e+00,-3.867898999999999532e+00,-1.942220000000000013e+01,9.301299999999999457e+00,7.902344082412761317e+00,-9.252265999999998769e+00,-1.629619999999999891e+01,1.456460000000000043e+01,5.066545953808768488e+00,-8.016120000000001022e-01,-7.790899999999999714e+00,-6.070999999999999730e-01,1.845275283826237178e+00,-4.072849999999999859e+00,1.006020132042599968e+01,-9.458199999999999719e+00,-5.560299999999999798e+00,8.877647577658172029e-01,-8.218462999999998075e+00,-5.652499999999999858e+00,2.398099999999999898e+00,1.985063868216838667e+00,-1.976230000000000153e+00,-1.326660000000000039e+01,1.485880000000000045e+01,6.247532182475253215e+00,-4.362440000000000206e-01,9.382788829434934641e+00,-1.232980000000000054e+01,1.867830000000000013e+01,7.410324845390990234e+00,-1.690690999999999944e+00,-1.217590000000000039e+01,1.475890000000000057e+01,5.033398515788213956e+00,1.909618999999999511e+00,-4.016600000000000392e+00,4.497600000000000264e+00,1.812082547235638552e+00,-3.717020000000000879e-01,2.587545093361272919e+00,-6.880300000000000082e+00,4.121999999999999886e+00,2.280637164039032605e+00,-5.497980000000000089e-01,-3.536700000000000177e+00,4.693299999999999805e+00,1.728142715540299301e+00,-8.978499999999994818e-02,-4.000000000000000000e+00,3.585000000000000142e+01,9.196120510302156603e+00,1.683660000000000423e+01,6.697025935689662202e-01,8.000000000000000000e+00,4.988000000000000256e+01,9.608521931598012600e+00,3.683270000000000266e+01,-4.335999999999999943e+01,3.356000000000000227e+01,1.940563057955087345e+01,3.965900000000000425e+00,1.025000000000000000e+01,3.540199999999999818e+02,1.020438739991284365e+02,1.833015000000000043e+02,4.069210306263367016e+01,3.486999999999999744e+01,7.473999999999999488e+01,9.412346155980452878e+00,5.828280000000001593e+01,6.690000000000000568e+01,1.734199999999999875e+02,2.834818124677490303e+01,1.198859999999999673e+02,2.266472538419338605e+02
