-2.293299999999999894e+00,1.047579999999999956e+01,1.762007369886970487e+00,3.566108000000001166e+00,-1.917060000000000031e+01,-2.932599999999999874e+00,2.842209475672755392e+00,-8.994585999999999970e+00,-5.665099999999999802e+00,3.770199999999999996e+00,2.081056837701459994e+00,-1.024484000000000172e+00,7.174000000000000377e-01,6.416900000000000048e+00,1.172017916406997706e+00,3.625238999999999656e+00,9.729813515443963112e+00,-9.704399999999999693e+00,-6.622600000000000264e+00,7.574623714508860184e-01,-8.811493999999999716e+00,-4.217200000000000060e+00,1.761200000000000099e+00,1.407126128138838972e+00,-1.207546999999999926e+00,-3.847599999999999909e+00,5.077200000000000379e+00,1.705077380278091637e+00,3.770800000000004704e-02,9.604319553011864130e+00,-7.722900000000000098e+00,3.917600000000000193e+00,2.147428824757644961e+00,-1.366600000000000315e-01,-5.424199999999999910e+00,5.365199999999999747e+00,1.703635053281952416e+00,-1.070770000000000471e-01,-2.661900000000000155e+00,1.603499999999999925e+00,9.567041938128002521e-01,9.057899999999997898e-02,1.776607238333785255e-01,-3.432799999999999851e+00,2.316300000000000026e+00,9.596891838798643493e-01,-2.207880000000000953e-01,-2.951600000000000001e+00,1.937300000000000022e+00,9.291790710831792088e-01,-4.396899999999998726e-02,-2.273000000000000043e+01,2.555000000000000071e+01,1.075716650610187308e+01,4.226000000000000312e-01,2.426626653319377269e-01,1.491999999999999993e+01,3.810000000000000142e+01,5.652313171613901233e+00,2.741590000000000771e+01,-1.156000000000000050e+01,2.639000000000000057e+01,9.729784928249957332e+00,8.279499999999998749e+00,0.000000000000000000e+00,3.569200000000000159e+02,1.038409033377503050e+02,9.235799999999997567e+01,2.864193226407743254e+01,4.188000000000000256e+01,8.171999999999999886e+01,9.226217358701235938e+00,6.577649999999998442e+01,-1.293000000000000114e+02,-3.187000000000000099e+01,1.933822619476770655e+01,-1.030457999999999998e+02,1.532154855551161461e+02
-3.683499999999999996e+00,1.072509999999999941e+01,2.070618522127144701e+00,3.575231999999999744e+00,-1.942220000000000013e+01,-4.457300000000000040e+00,3.090462153360885367e+00,-9.095561999999999259e+00,-8.069900000000000517e+00,3.957199999999999829e+00,1.984900102278197798e+00,-1.447223999999999844e+00,1.428900000000000059e+00,6.033500000000000085e+00,1.038084721048816883e+00,3.991125000000000256e+00,9.879574345883732178e+00,-9.523300000000000765e+00,-6.972199999999999953e+00,6.015827687650303623e-01,-8.777844999999999231e+00,-3.552099999999999813e+00,2.090399999999999814e+00,1.260558923101573914e+00,-4.028670000000000306e-01,-7.591999999999999638e+00,3.673299999999999788e+00,2.251416621147449781e+00,-2.924389999999999490e-01,9.651007378991010910e+00,-7.309099999999999930e+00,3.439400000000000013e+00,2.307932067936792286e+00,-2.336830000000000018e-01,-3.860599999999999810e+00,3.735199999999999854e+00,1.459338999811558457e+00,-8.982769999999998811e-01,-2.712099999999999955e+00,1.475999999999999979e+00,9.168132276592653174e-01,-1.619329999999999936e-01,9.731546033077164148e-01,-1.184199999999999919e+00,2.380900000000000016e+00,7.197538649142496414e-01,4.481710000000000416e-01,-2.254700000000000149e+00,1.494899999999999896e+00,7.767001584498357536e-01,-2.499200000000001073e-02,-3.447999999999999687e+01,2.078999999999999915e+01,1.536474534901246081e+01,-2.299399999999999888e+00,4.771835514705008996e-01,1.050000000000000000e+01,4.057000000000000028e+01,6.871857579286695383e+00,2.879209999999999425e+01,-2.632999999999999829e+01,3.889999999999999858e+01,1.998969882314388613e+01,6.726399999999999046e+00,8.499999999999999778e-01,3.386700000000000159e+02,1.078029008451999005e+02,1.381043999999999983e+02,2.965664714241986033e+01,4.622999999999999687e+01,7.618999999999999773e+01,7.405024848033936458e+00,6.466299999999999670e+01,-1.207600000000000051e+02,-3.575000000000000000e+01,1.809200621130779751e+01,-9.123649999999999238e+01,1.777026386990637263e+02
-1.281800000000000050e+00,9.445800000000000196e+00,1.602038810003053815e+00,3.716438000000000130e+00,-1.891789999999999949e+01,-3.601999999999999869e+00,2.934099380904470866e+00,-9.043723999999999208e+00,-7.543000000000000149e+00,3.597700000000000120e+00,2.178775278237524038e+00,-1.617828999999999740e+00,1.906600000000000072e+00,6.438900000000000290e+00,1.084485550145782184e+00,3.832615000000000549e+00,9.910510878318079975e+00,-9.530799999999999272e+00,-5.288800000000000168e+00,8.779052602297129360e-01,-8.719768999999999437e+00,-5.644599999999999618e+00,1.616200000000000081e+00,1.592138848153640041e+00,-9.825800000000000090e-01,-4.805699999999999861e+00,3.183199999999999807e+00,1.748121387053828357e+00,-6.492500000000001048e-02,9.575425453105779638e+00,-8.453799999999999315e+00,3.522899999999999920e+00,2.593051553138888021e+00,-4.236419999999999630e-01,-5.082200000000000273e+00,4.664399999999999658e+00,1.798849429312803894e+00,-3.699310000000000653e-01,-2.638900000000000023e+00,1.603199999999999958e+00,9.413127946139900892e-01,6.906400000000000039e-02,5.661596458155598866e-01,-2.509199999999999875e+00,2.942699999999999871e+00,8.980344083001498001e-01,-2.888529999999999709e-01,-2.729999999999999982e+00,1.540100000000000025e+00,9.253543022626522507e-01,-5.732199999999999795e-02,-2.648999999999999844e+01,4.292000000000000171e+01,1.193131490280932994e+01,-2.528699999999999726e+00,3.024759550592409640e-01,-3.850000000000000089e+00,4.293999999999999773e+01,1.156194321513472900e+01,2.238470000000000226e+01,-1.341999999999999993e+01,5.957000000000000028e+01,1.454149291372794472e+01,1.395720000000000205e+01,1.671000000000000085e+01,3.587699999999999818e+02,8.663905995213704614e+01,1.197368999999999915e+02,2.650042546111288999e+01,3.421999999999999886e+01,7.723999999999999488e+01,9.622996965083174814e+00,6.474710000000000321e+01,-1.340300000000000011e+02,-5.214000000000000057e+01,1.908643748843665477e+01,-9.833800000000002228e+01,1.679269913504675458e+02
8.596000000000000307e-01,9.692199999999999704e+00,1.710337808526432468e+00,3.960304999999999520e+00,-1.624970000000000070e+01,-2.075400000000000134e+00,2.687340490003267135e+00,-8.251882999999999413e+00,-9.057499999999999218e+00,3.979699999999999793e+00,1.971294492967501588e+00,-1.431513999999999953e+00,4.709999999999999742e-01,7.045700000000000074e+00,1.587027175476211083e+00,4.162569999999999659e+00,9.264276608074158759e+00,-9.668100000000000804e+00,-5.294200000000000017e+00,1.184549837788178461e+00,-8.332613999999999521e+00,-5.164500000000000313e+00,2.177299999999999791e+00,1.895178798820839505e+00,-1.377450000000000285e+00,-4.899499999999999744e+00,4.529300000000000104e+00,2.263888751163360524e+00,-1.365659999999999652e-01,9.415774720138328391e+00,-6.813900000000000290e+00,4.621000000000000441e+00,2.311987496634876127e+00,-3.888020000000000365e-01,-4.240700000000000358e+00,4.679400000000000226e+00,1.870177388199044888e+00,-3.444870000000000432e-01,-2.669200000000000017e+00,1.690099999999999936e+00,1.091843525096888534e+00,1.473480000000000067e-01,5.371113113024151842e-01,-2.439299999999999802e+00,2.293000000000000149e+00,9.750761685176189131e-01,-2.082169999999999577e-01,-2.552299999999999791e+00,1.703200000000000047e+00,1.112719101848710146e+00,-9.240899999999997727e-02,-2.987000000000000099e+01,1.255000000000000071e+01,1.007122918565554315e+01,-4.728700000000000792e+00,2.713027376824642678e-01,8.070000000000000284e+00,4.153000000000000114e+01,8.382299848490271543e+00,3.094650000000000389e+01,-1.630999999999999872e+01,3.410999999999999943e+01,1.410439588780745801e+01,9.319200000000000372e+00,2.979999999999999982e+00,3.578299999999999841e+02,1.241687174814574632e+02,1.743101000000000624e+02,3.266334267309456862e+01,3.176000000000000156e+01,8.020000000000000284e+01,1.302056484604258557e+01,6.044969999999999999e+01,-1.318400000000000034e+02,-1.355000000000000071e+01,2.569873776258281595e+01,-9.985790000000001498e+01,2.097850742653299676e+02
-2.515699999999999825e+00,1.163039999999999985e+01,2.194200322527321223e+00,4.120538999999999064e+00,-1.915589999999999904e+01,-3.561599999999999877e+00,3.085434499632750072e+00,-8.895626000000000033e+00,-5.586000000000000298e+00,5.336899999999999977e+00,2.102006241327318392e+00,-1.461560999999999888e+00,2.511600000000000055e+00,6.035499999999999865e+00,9.518115429322130394e-01,4.213321000000000538e+00,9.911970749508800083e+00,-9.459500000000000242e+00,-6.502900000000000347e+00,7.444300844773805714e-01,-8.573915000000001285e+00,-4.225500000000000256e+00,1.497400000000000064e+00,1.468498665598304331e+00,-1.135643999999999876e+00,-5.876599999999999824e+00,3.700699999999999878e+00,2.218337040910375091e+00,3.271500000000000102e-02,9.620487491338579389e+00,-8.989699999999999136e+00,4.980999999999999872e+00,3.199734262102870375e+00,-4.628950000000000564e-01,-4.609600000000000364e+00,4.844000000000000306e+00,2.042426528592889312e+00,-3.964099999999999291e-01,-3.225299999999999834e+00,1.658199999999999896e+00,1.123880975315001862e+00,-1.425949999999999995e-01,6.103138048168336161e-01,-1.429200000000000026e+00,2.159699999999999953e+00,7.576951066722023009e-01,2.721049999999999858e-01,-2.380700000000000038e+00,2.013300000000000090e+00,9.724137358141339282e-01,-4.507999999999998814e-02,-4.710999999999999943e+01,1.105000000000000071e+01,1.456377236707577794e+01,-1.588619999999999877e+01,3.104942373861389049e-01,1.561999999999999922e+01,4.959000000000000341e+01,1.125859549455437225e+01,2.829070000000000107e+01,-4.713000000000000256e+01,2.487999999999999901e+01,2.174661598019333297e+01,-1.256290000000000262e+01,1.685999999999999943e+01,3.585899999999999750e+02,1.047950129013780867e+02,1.975229999999999961e+02,3.479312451246654092e+01,4.311999999999999744e+01,7.470999999999999375e+01,8.948624394844159724e+00,6.196879999999999455e+01,-1.284600000000000080e+02,-6.293999999999999773e+01,1.624928728867823224e+01,-1.014781000000000120e+02,2.305499348992533442e+02
-3.494000000000000217e+00,1.267869999999999919e+01,2.402523701755302277e+00,3.691451999999999956e+00,-1.618420000000000059e+01,-4.325000000000000178e+00,2.412137540775608269e+00,-8.420640999999999821e+00,-5.821600000000000108e+00,2.558499999999999996e+00,1.808477613823295194e+00,-1.431610000000000049e+00,2.324800000000000200e+00,6.508300000000000196e+00,1.071847739363665397e+00,4.104760999999999882e+00,9.305026593797839141e+00,-9.442899999999999849e+00,-7.166100000000000136e+00,6.508687022518444554e-01,-8.699222999999999928e+00,-3.813000000000000167e+00,2.038499999999999979e+00,1.356231409651022846e+00,-4.826739999999999364e-01,-5.405999999999999694e+00,3.696499999999999897e+00,2.090425532325894675e+00,-1.417800000000000171e-01,9.631122357291804548e+00,-7.858200000000000074e+00,3.966899999999999871e+00,2.463239986266867909e+00,-9.258400000000001351e-02,-4.084399999999999586e+00,4.121000000000000441e+00,1.700213414911199150e+00,-8.953340000000001853e-01,-2.759500000000000064e+00,1.712599999999999900e+00,9.464937751491026008e-01,-1.831979999999999997e-01,9.112059794645778199e-01,-1.316999999999999948e+00,3.348500000000000032e+00,7.936081431311047263e-01,5.232660000000000089e-01,-2.388300000000000090e+00,1.629000000000000004e+00,8.797282219293637295e-01,4.457900000000000751e-02,-4.589999999999999858e+01,1.996000000000000085e+01,1.326223463975811256e+01,-2.130599999999999827e+00,5.561978975158032856e-01,2.223999999999999844e+01,6.520000000000000284e+01,9.737315412371112089e+00,4.579840000000000799e+01,-3.044000000000000128e+01,7.114000000000000057e+01,2.823274311486575527e+01,2.698389999999999844e+01,1.891000000000000014e+01,3.506600000000000250e+02,1.045914721695320537e+02,1.248370999999999924e+02,5.319928343624565770e+01,4.638000000000000256e+01,7.434999999999999432e+01,7.943300912718842532e+00,6.332809999999999206e+01,-1.330500000000000114e+02,-5.236999999999999744e+01,1.842249176930200250e+01,-9.315489999999999782e+01,1.681445365750252279e+02
-1.792599999999999971e+00,1.373199999999999932e+01,2.759323347220473899e+00,3.946721999999999841e+00,-1.895129999999999981e+01,-1.316500000000000004e+00,3.491256616564299531e+00,-8.889164000000000954e+00,-8.451100000000000279e+00,3.714300000000000157e+00,2.069708555440596509e+00,-1.524943999999999855e+00,1.581800000000000095e+00,6.924400000000000333e+00,1.393609117419945642e+00,4.112361999999999185e+00,9.844760300145251719e+00,-9.660700000000000287e+00,-4.876800000000000246e+00,1.321041239581490112e+00,-8.356235000000001634e+00,-6.083400000000000141e+00,1.017200000000000104e+00,1.867702403577989667e+00,-1.502186999999999939e+00,-5.564899999999999736e+00,6.765699999999999825e+00,2.844540952535399736e+00,-6.730700000000000571e-02,9.433702898503746326e+00,-8.949899999999999523e+00,3.908900000000000041e+00,2.625960511130355890e+00,-6.291719999999999535e-01,-3.983200000000000074e+00,5.911999999999999922e+00,2.299689361891296802e+00,3.274020000000000263e-01,-2.154300000000000104e+00,1.947300000000000031e+00,1.044176496714516178e+00,1.423970000000000236e-01,7.124462838958457445e-01,-2.934400000000000119e+00,3.078100000000000058e+00,1.229963657542368249e+00,-2.205750000000000210e-01,-3.133900000000000130e+00,2.015400000000000080e+00,1.226185810230651763e+00,-5.593300000000001049e-02,-4.352000000000000313e+01,8.470000000000000639e+00,1.472560187021229972e+01,-1.532339999999999947e+01,2.684375844083686236e-01,2.110999999999999943e+01,6.152000000000000313e+01,1.087354469158976755e+01,4.626279999999999148e+01,-2.862000000000000099e+01,5.513000000000000256e+01,2.288093390489120793e+01,6.704200000000001047e+00,4.471000000000000085e+01,3.259100000000000250e+02,1.028003255887840055e+02,2.104722000000000151e+02,4.919349092146235591e+01,2.982000000000000028e+01,8.034000000000000341e+01,1.403169757192621248e+01,6.077850000000001529e+01,-1.371299999999999955e+02,-5.671000000000000085e+01,1.771961784125154438e+01,-1.040965999999999951e+02,2.425462330498043002e+02
-4.488599999999999923e+00,1.155049999999999955e+01,2.287893308932696268e+00,4.307170999999999417e+00,-1.596959999999999980e+01,-3.334299999999999820e+00,3.180259549547960862e+00,-8.600597000000000492e+00,-6.223499999999999588e+00,4.876400000000000290e+00,2.093084382049371861e+00,-1.372860999999999665e+00,2.342699999999999783e+00,6.317099999999999937e+00,9.242263855847223653e-01,4.202116999999998548e+00,9.716312989244999088e+00,-9.317099999999999937e+00,-6.578700000000000436e+00,7.118354530676314074e-01,-8.612233999999999057e+00,-4.100900000000000212e+00,2.620000000000000107e+00,1.575096117865827150e+00,-7.072220000000000173e-01,-6.909699999999999953e+00,6.138300000000000090e+00,2.349996655235066623e+00,1.855280000000000540e-01,9.608773319718237005e+00,-9.840400000000000702e+00,5.211100000000000065e+00,2.960472287458709051e+00,-2.948670000000000457e-01,-4.363299999999999734e+00,4.338799999999999990e+00,1.989422533936921145e+00,-8.226079999999998948e-01,-3.068200000000000038e+00,1.744899999999999896e+00,1.035230763667695397e+00,-1.673659999999999870e-01,8.933370630042165583e-01,-2.017799999999999816e+00,2.971099999999999852e+00,8.084232128501753767e-01,2.859350000000000502e-01,-2.712800000000000100e+00,1.567600000000000104e+00,8.570291856080514137e-01,-4.790399999999998826e-02,-5.065999999999999659e+01,1.680999999999999872e+01,2.110183262444283514e+01,-1.175170000000000137e+01,3.347611019772160357e-01,-7.110000000000000320e+00,7.439000000000000057e+01,2.386767543666537961e+01,4.138750000000000284e+01,-4.717999999999999972e+01,8.390000000000000568e+01,3.357276479529203073e+01,2.021600000000000463e+01,1.651999999999999957e+01,3.016499999999999773e+02,9.424413737071392916e+01,1.305805000000000007e+02,4.753645196204698209e+01,4.213000000000000256e+01,7.181999999999999318e+01,7.998400026880376323e+00,6.260990000000001032e+01,-1.276200000000000045e+02,-4.450999999999999801e+01,1.836247442476095415e+01,-9.556900000000000261e+01,1.735070612950954398e+02
-3.650500000000000078e+00,9.385400000000000631e+00,2.108807714946054901e+00,4.002472000000000030e+00,-1.881970000000000098e+01,-4.699799999999999756e+00,2.783090456291350989e+00,-8.642090000000001382e+00,-8.093400000000000816e+00,3.811799999999999855e+00,2.264159295689903484e+00,-1.512829000000000201e+00,1.994799999999999907e+00,6.816799999999999748e+00,1.031919533851356041e+00,4.469184000000001156e+00,9.643347616990949334e+00,-9.456799999999999429e+00,-6.098900000000000432e+00,7.079538932896689563e-01,-8.507023999999999475e+00,-3.536200000000000010e+00,1.952299999999999924e+00,1.465825799607852531e+00,-3.357019999999999449e-01,-4.662399999999999878e+00,6.364700000000000024e+00,1.938717187362818839e+00,-3.331319999999999282e-01,9.615391765041922056e+00,-1.018790000000000084e+01,3.361400000000000166e+00,3.069431510896439619e+00,-5.276460000000000594e-01,-4.902499999999999858e+00,4.869799999999999685e+00,1.920785308480622566e+00,-8.812449999999999450e-01,-2.741999999999999993e+00,1.449699999999999989e+00,9.203502021535061584e-01,-1.259860000000000146e-01,1.079805529141705911e+00,-1.664700000000000069e+00,2.616699999999999804e+00,8.489741690410846919e-01,4.080990000000000451e-01,-2.521399999999999864e+00,1.915200000000000014e+00,8.553848480508642327e-01,-1.689499999999999683e-02,1.085999999999999943e+01,9.575000000000000000e+01,1.692628178277792728e+01,3.133509999999999707e+01,4.274373720464788029e-01,-7.160000000000000142e+00,7.915000000000000568e+01,2.580862114953063724e+01,4.598059999999999548e+01,1.026999999999999957e+01,1.543700000000000045e+02,3.076039921246146491e+01,6.620770000000000266e+01,1.121000000000000085e+01,8.289000000000000057e+01,1.773566805367082821e+01,5.153130000000000166e+01,8.648447032652742905e+01,4.082000000000000028e+01,7.396999999999999886e+01,7.657196617561809582e+00,6.109860000000001179e+01,-1.195699999999999932e+02,-4.743999999999999773e+01,1.779568089059814895e+01,-9.061419999999999675e+01,1.208281715631333952e+02
-1.796599999999999975e+00,1.084740000000000038e+01,2.162351909212512968e+00,4.055975000000000108e+00,-1.881879999999999953e+01,-4.676999999999999602e+00,2.762877639587211220e+00,-8.878636999999999446e+00,-9.501500000000000057e+00,4.935900000000000176e+00,2.267005369049663432e+00,-1.676309999999999745e+00,2.618500000000000050e+00,6.249799999999999578e+00,8.925552644060757990e-01,4.228491000000000000e+00,9.904097303363592175e+00,-9.405799999999999272e+00,-6.464699999999999669e+00,6.919400841113341194e-01,-8.617319999999999425e+00,-4.013600000000000279e+00,1.347800000000000109e+00,1.337356554617727955e+00,-9.838890000000000136e-01,-6.885100000000000442e+00,4.640600000000000058e+00,2.145882839695588018e+00,-1.863099999999999756e-01,9.649164610669773268e+00,-8.352700000000000458e+00,3.715500000000000025e+00,2.764093447237086387e+00,-3.279290000000000260e-01,-3.528500000000000192e+00,4.090600000000000236e+00,1.550185737411811093e+00,-5.111150000000000970e-01,-3.096000000000000085e+00,1.396200000000000108e+00,9.645140961002072189e-01,-2.476679999999999715e-01,6.352065714127964613e-01,-1.577199999999999935e+00,2.373400000000000176e+00,7.526531443473812866e-01,4.677520000000000566e-01,-2.557500000000000107e+00,1.826999999999999957e+00,8.758898221899830139e-01,-3.142799999999999067e-02,-7.373999999999999488e+01,3.062000000000000099e+01,2.400411089355321081e+01,-1.992389999999999972e+01,5.302066492529117214e-01,1.152999999999999936e+01,8.731000000000000227e+01,2.183449769768015614e+01,3.733270000000000266e+01,-7.253000000000000114e+01,1.083499999999999943e+02,4.831572958157622111e+01,-3.583000000000000629e+00,7.900000000000000355e-01,3.574300000000000068e+02,1.076674863294857403e+02,2.063206999999999880e+02,4.246798993948264922e+01,4.124000000000000199e+01,7.368999999999999773e+01,7.735345980626852302e+00,6.266839999999999833e+01,-1.252999999999999972e+02,-6.440999999999999659e+01,1.496297686792304305e+01,-9.986649999999997362e+01,2.376318106426411134e+02
-1.389699999999999935e+00,1.256300000000000061e+01,2.415695380604723219e+00,4.270554999999999879e+00,-1.805499999999999972e+01,-2.903300000000000214e+00,3.206626124829023539e+00,-8.878341999999999956e+00,-9.776899999999999480e+00,4.515799999999999592e+00,2.188788774226284595e+00,-1.485160999999999953e+00,1.718299999999999939e+00,6.470399999999999707e+00,1.143492366636524649e+00,4.274837999999999916e+00,9.963347824547229337e+00,-9.654600000000000293e+00,-4.908999999999999808e+00,1.063970528619566647e+00,-8.427773000000000181e+00,-6.117300000000000182e+00,1.125000000000000000e+00,1.651000940376473602e+00,-1.305125999999999564e+00,-5.738400000000000389e+00,5.905599999999999739e+00,2.453365202024353930e+00,-2.057359999999999467e-01,9.539651541940564528e+00,-7.348200000000000287e+00,3.075899999999999856e+00,2.559484211012836408e+00,-5.583759999999999835e-01,-4.989899999999999558e+00,5.068500000000000227e+00,2.196482412863577149e+00,-3.279409999999999270e-01,-3.019000000000000128e+00,2.575899999999999856e+00,1.075416219377409055e+00,1.759900000000000075e-01,6.794529847995367522e-01,-3.268100000000000005e+00,2.632699999999999818e+00,1.036673019251489913e+00,-2.527340000000000697e-01,-2.939900000000000180e+00,1.948800000000000088e+00,1.137011488653918656e+00,-2.276299999999999851e-02,-4.970000000000000284e+01,3.259000000000000341e+01,2.418383902030445043e+01,-9.436799999999999855e+00,3.088124172131037071e-01,-4.030000000000000249e+00,6.473000000000000398e+01,1.561496496441794868e+01,4.282540000000000191e+01,-1.326999999999999957e+01,3.098000000000000043e+01,1.018545526522992617e+01,5.984799999999999010e+00,1.320000000000000062e+00,3.586800000000000068e+02,1.267334960131298516e+02,1.710927000000000078e+02,4.425930309482968283e+01,3.003999999999999915e+01,7.990000000000000568e+01,1.097654070233422985e+01,6.125109999999998678e+01,-1.360999999999999943e+02,-7.179000000000000625e+01,1.537698549781458546e+01,-1.025670000000000215e+02,2.086729468175019804e+02
-4.138999999999999901e-01,1.155819999999999936e+01,2.168112245779724390e+00,3.874789999999999957e+00,-1.850649999999999906e+01,-2.795500000000000096e+00,3.298610136942375703e+00,-8.810568999999999207e+00,-6.837799999999999656e+00,4.641099999999999781e+00,2.107214716530804832e+00,-1.578505999999999521e+00,8.293000000000000371e-01,6.609700000000000131e+00,1.338320605955090281e+00,4.144125999999999976e+00,9.753553446816036754e+00,-9.695800000000000196e+00,-5.951399999999999579e+00,9.163638984617410443e-01,-8.535914000000000001e+00,-4.887199999999999989e+00,1.502999999999999892e+00,1.549082206941904127e+00,-1.050856000000000012e+00,-5.108399999999999608e+00,5.029799999999999827e+00,2.282494887393835992e+00,-1.871100000000001581e-02,9.546722288409149826e+00,-9.455000000000000071e+00,3.853099999999999969e+00,2.962018730660560539e+00,-5.842039999999999456e-01,-4.824799999999999756e+00,5.706199999999999939e+00,2.092461965661263967e+00,-3.616810000000000302e-01,-2.613700000000000134e+00,1.701000000000000068e+00,1.040901190643953589e+00,1.534459999999999991e-01,6.873554836458350970e-01,-2.597300000000000164e+00,1.181300000000000017e+00,8.488489235429352853e-01,-3.596399999999999597e-01,-2.442499999999999893e+00,2.044000000000000039e+00,1.021924825241074197e+00,-6.033400000000001262e-02,-4.446999999999999886e+01,2.198000000000000043e+01,1.725319678523374378e+01,-3.618700000000000028e+00,3.956346750121886857e-01,-5.059999999999999609e+00,6.274000000000000199e+01,1.567492694560328914e+01,4.443050000000000210e+01,-8.560000000000000497e+00,3.275000000000000000e+01,8.966805506979618201e+00,8.548999999999999488e+00,4.500000000000000111e-01,3.599399999999999977e+02,1.187244182013118916e+02,1.081773999999999774e+02,4.538997379311867775e+01,3.511999999999999744e+01,8.137999999999999545e+01,1.112939880272065629e+01,6.232770000000000721e+01,-1.302299999999999898e+02,-3.781000000000000227e+01,1.935467134182339777e+01,-9.815949999999996578e+01,1.588155518149906982e+02
1.287999999999999978e-01,1.246770000000000067e+01,1.945146714841582414e+00,4.078378999999999976e+00,-1.531199999999999939e+01,-2.752699999999999925e+00,2.557981168557736051e+00,-8.624848000000000070e+00,-7.806700000000000195e+00,3.394400000000000084e+00,1.800216301440190625e+00,-1.381022999999999890e+00,4.364000000000000101e-01,6.839100000000000179e+00,1.651039919576749337e+00,4.049541999999999753e+00,9.639937905260284268e+00,-9.728799999999999670e+00,-4.891300000000000203e+00,1.437415709342290349e+00,-8.231143999999998684e+00,-6.386300000000000310e+00,1.404600000000000071e+00,2.033802079775463234e+00,-1.758251000000000008e+00,-4.785099999999999909e+00,5.303300000000000125e+00,2.121285801125345927e+00,1.474119999999999597e-01,9.340340921909703553e+00,-5.655499999999999972e+00,3.458899999999999864e+00,1.712719733212646700e+00,-1.613079999999999792e-01,-3.338799999999999990e+00,7.960899999999999643e+00,1.810264099461733167e+00,3.542000000000000148e-01,-2.208699999999999886e+00,1.711999999999999966e+00,8.784610620647905765e-01,2.304940000000000599e-01,4.161829028299938171e-01,-2.945800000000000196e+00,1.902800000000000047e+00,1.137537444786324237e+00,-4.405469999999999109e-01,-2.827599999999999891e+00,2.030899999999999928e+00,1.259087476239836301e+00,-4.192400000000003069e-02,-4.745000000000000284e+01,-3.699999999999999956e-01,1.317960588333353833e+01,-2.856739999999999213e+01,4.989656952346523400e-01,-7.200000000000000178e+00,6.717000000000000171e+01,2.044664764698604387e+01,3.292399999999999949e+01,-1.848000000000000043e+01,3.257000000000000028e+01,1.186065385381429849e+01,8.879599999999999937e+00,1.489999999999999991e+00,3.192300000000000182e+02,7.674945557748276315e+01,1.621884000000000015e+02,4.448520444956952957e+01,2.992000000000000171e+01,8.306000000000000227e+01,1.535182905422021626e+01,6.043130000000000024e+01,-1.387100000000000080e+02,-1.726000000000000156e+01,2.390422428442303726e+01,-1.035743999999999829e+02,2.017044259544395288e+02
-2.262799999999999923e+00,1.292319999999999958e+01,2.299126864345680588e+00,3.927862000000000187e+00,-1.823310000000000031e+01,-4.496199999999999974e+00,2.972658605238078344e+00,-8.555552000000000490e+00,-5.504199999999999982e+00,4.295399999999999885e+00,1.923012643347931760e+00,-1.297717999999999927e+00,2.265699999999999825e+00,6.280700000000000394e+00,9.395676994767326873e-01,4.213830000000000631e+00,9.503138530152655861e+00,-9.414799999999999613e+00,-6.576900000000000190e+00,6.925490801062405000e-01,-8.625962000000001240e+00,-4.225600000000000023e+00,1.690199999999999925e+00,1.450578720330613525e+00,-7.349179999999998492e-01,-5.048000000000000043e+00,5.812999999999999723e+00,2.192747791095911669e+00,7.296199999999998520e-02,9.628275451038364352e+00,-8.600099999999999412e+00,3.784800000000000164e+00,2.776072285269963746e+00,-3.258660000000000445e-01,-4.352299999999999613e+00,3.412799999999999834e+00,1.688823805328430350e+00,-7.780340000000001144e-01,-2.681200000000000028e+00,1.640900000000000025e+00,9.928358334483098346e-01,-9.791099999999999803e-02,8.466693620038463486e-01,-1.186500000000000110e+00,2.089999999999999858e+00,7.514539023785823391e-01,2.839400000000000257e-01,-2.502600000000000158e+00,1.737999999999999989e+00,8.621681144063494395e-01,-1.055099999999998747e-02,-7.848000000000000398e+01,2.325000000000000000e+01,2.417880163366249135e+01,-5.363399999999999501e+00,3.005325458615090151e-01,3.364999999999999858e+01,6.473999999999999488e+01,6.811713514234138955e+00,5.284100000000001529e+01,-2.514000000000000057e+01,5.525000000000000000e+01,1.652704283863268842e+01,8.815099999999999270e+00,3.069999999999999840e+00,3.595000000000000000e+02,1.285095004214085463e+02,1.189588000000000108e+02,5.383905021979866490e+01,4.211999999999999744e+01,7.335999999999999943e+01,7.882897119080015891e+00,6.245489999999999498e+01,-1.261400000000000006e+02,-5.467000000000000171e+01,1.700019253302738420e+01,-9.677279999999998950e+01,1.655801481195435656e+02
-4.351999999999999758e-01,1.371909999999999918e+01,2.342164449414259053e+00,3.919230000000000214e+00,-1.650850000000000151e+01,-1.235800000000000010e+00,3.276960831794606843e+00,-8.436122000000001009e+00,-8.759800000000000253e+00,3.236899999999999888e+00,1.990096403826709048e+00,-1.657273999999999914e+00,1.136900000000000022e+00,7.202899999999999636e+00,1.526874008955552142e+00,4.278523999999999994e+00,9.448548846402815116e+00,-9.580299999999999372e+00,-4.777300000000000324e+00,1.277447300126310692e+00,-8.305639999999998579e+00,-6.288299999999999557e+00,2.370299999999999851e+00,2.028090841613363171e+00,-8.969580000000000330e-01,-5.794400000000000439e+00,8.695700000000000429e+00,2.839428803779203925e+00,-1.898699999999997265e-02,9.385838112919914877e+00,-8.796799999999999287e+00,5.209399999999999586e+00,3.084803096140173118e+00,-7.969620000000001703e-01,-5.295899999999999608e+00,5.733999999999999986e+00,2.389762163325882316e+00,-5.307440000000001046e-01,-2.665099999999999802e+00,1.967600000000000016e+00,1.067908758897968768e+00,8.793699999999998740e-02,9.577046147685622790e-01,-3.046600000000000197e+00,2.899900000000000144e+00,1.131409335324311538e+00,-2.981790000000000274e-01,-3.414499999999999869e+00,2.351199999999999957e+00,1.329261919666323788e+00,-1.375550000000000106e-01,-1.138599999999999994e+02,4.002000000000000313e+01,4.436620621554202870e+01,-2.113019999999999854e+01,3.399485402748482765e-01,-3.910000000000000142e+00,8.551999999999999602e+01,2.037726377583604886e+01,5.877510000000000900e+01,-7.418000000000000682e+01,6.367999999999999972e+01,3.676988685813434188e+01,1.101619999999999955e+01,1.379999999999999893e+00,3.562699999999999818e+02,1.045608534536707026e+02,1.347851999999999748e+02,6.342203398259944436e+01,2.914999999999999858e+01,7.745000000000000284e+01,1.294436724448128473e+01,6.052920000000001721e+01,-1.372899999999999920e+02,-2.669999999999999929e+01,2.502683882934478632e+01,-9.323109999999998365e+01,1.747079626087202939e+02
-2.079299999999999926e+00,9.589499999999999247e+00,2.149120436339247764e+00,4.282752999999999588e+00,-1.834769999999999968e+01,-2.896999999999999797e+00,2.773480613329756039e+00,-8.461721999999999966e+00,-7.519599999999999618e+00,3.460900000000000087e+00,1.973675722032117497e+00,-1.377581000000000389e+00,8.111000000000000432e-01,6.884699999999999598e+00,1.273666501756248515e+00,4.313547999999999938e+00,9.583341894968269159e+00,-9.638199999999999434e+00,-5.280100000000000016e+00,9.085503026794939929e-01,-8.469051000000000329e+00,-5.138499999999999623e+00,2.448900000000000077e+00,1.730359017516307052e+00,-6.301099999999999479e-01,-6.119799999999999685e+00,6.263499999999999623e+00,2.353528857441735234e+00,2.238170000000000159e-01,9.525154056549688164e+00,-9.060900000000000176e+00,3.123899999999999899e+00,2.913714259327945921e+00,-3.826169999999999294e-01,-4.401600000000000179e+00,4.317400000000000126e+00,1.895866049182800328e+00,-6.178660000000000263e-01,-2.940399999999999903e+00,1.864100000000000090e+00,1.048015350140922397e+00,1.287870000000000126e-01,7.604263357709278859e-01,-3.138900000000000023e+00,2.342799999999999994e+00,9.464255281764117900e-01,-8.819599999999998274e-02,-2.898099999999999898e+00,2.146100000000000119e+00,9.909608344430167470e-01,-5.445999999999999452e-02,-8.348999999999999488e+01,4.556000000000000227e+01,2.999595370979226061e+01,-4.678479999999998995e+01,1.653194404327573974e-01,4.629999999999999893e+00,7.934000000000000341e+01,1.717927783435613520e+01,4.784530000000000882e+01,-6.067000000000000171e+01,4.350999999999999801e+01,1.997026291364237238e+01,-1.111460000000000115e+01,4.620000000000000107e+00,3.561299999999999955e+02,6.766698593524023408e+01,2.094038000000000181e+02,6.783453822567084046e+01,3.257999999999999829e+01,7.814000000000000057e+01,9.819937675973305247e+00,6.138979999999999393e+01,-1.284499999999999886e+02,-2.373000000000000043e+01,2.212820929854017749e+01,-9.258820000000000050e+01,2.370469020631149419e+02
-1.539800000000000058e+00,1.140130000000000088e+01,2.382826874428563890e+00,4.115001000000000353e+00,-1.942220000000000013e+01,-2.316699999999999982e+00,3.006396381167327103e+00,-8.245951999999997284e+00,-5.161800000000000388e+00,7.166999999999999815e+00,2.252322547593927471e+00,-8.285199999999999232e-01,2.530800000000000161e+00,7.426099999999999923e+00,1.113828370755566732e+00,4.372749999999999915e+00,9.252859180096983494e+00,-9.458099999999999952e+00,-4.703999999999999737e+00,1.025494625863539122e+00,-8.436035000000000394e+00,-5.897800000000000153e+00,1.508899999999999908e+00,1.683112342217238933e+00,-8.704260000000000330e-01,-8.094400000000000261e+00,6.401299999999999990e+00,2.535265481423789158e+00,-8.398999999999956848e-03,9.541764538344100544e+00,-8.935800000000000409e+00,3.495400000000000063e+00,2.913128130834447216e+00,-4.596790000000000043e-01,-5.320299999999999585e+00,6.634199999999999875e+00,2.319052276886185204e+00,-4.162129999999999996e-01,-2.967499999999999805e+00,3.157700000000000173e+00,1.102213471509035703e+00,8.393200000000000660e-02,6.201681930017051148e-01,-3.608600000000000030e+00,2.527699999999999836e+00,1.140651752395971164e+00,-1.714340000000000031e-01,-3.553100000000000147e+00,1.754299999999999971e+00,1.090079029925812293e+00,-8.515399999999999359e-02,-4.528000000000000114e+01,9.519999999999999574e+00,1.034318848856579720e+01,-9.073300000000001475e+00,2.090105277157109365e-01,1.094999999999999929e+01,4.557999999999999829e+01,7.549309994297492388e+00,3.314190000000000680e+01,-6.113000000000000256e+01,2.551999999999999957e+01,2.221789060644596603e+01,-9.535000000000001918e+00,3.529999999999999805e+00,3.547500000000000000e+02,1.116816918691241938e+02,2.351195000000000164e+02,3.565987287554455776e+01,2.875000000000000000e+01,7.468999999999999773e+01,1.021572288386876792e+01,6.125859999999999417e+01,-1.332500000000000000e+02,-6.496999999999999886e+01,1.804324748597103323e+01,-9.603040000000002863e+01,2.612577904644569458e+02
2.336000000000000021e-01,1.478110000000000035e+01,2.294281894488774398e+00,4.207461000000000340e+00,-1.867589999999999861e+01,-1.800000000000000044e+00,3.577193464309555093e+00,-8.563499000000000194e+00,-7.884400000000000297e+00,3.800100000000000033e+00,1.986639095583040193e+00,-1.521900999999999948e+00,1.031700000000000061e+00,7.266899999999999693e+00,1.473605340876246839e+00,4.534628999999999799e+00,9.661905911533347435e+00,-9.674400000000000333e+00,-5.039100000000000357e+00,1.186517765874578023e+00,-8.221008000000001203e+00,-4.931799999999999962e+00,1.917399999999999993e+00,1.711114234380334942e+00,-1.230951000000000128e+00,-6.091099999999999959e+00,6.260100000000000442e+00,2.706964953721418432e+00,-1.894180000000000030e-01,9.469058721335823492e+00,-8.933299999999999130e+00,3.876199999999999868e+00,2.914889480770068708e+00,-3.777360000000000162e-01,-4.040499999999999758e+00,4.423300000000000232e+00,1.945301749406502800e+00,-1.764340000000000075e-01,-2.816800000000000193e+00,1.616800000000000015e+00,1.082413226857007693e+00,1.300150000000000472e-01,4.579220684527008922e-01,-2.934600000000000097e+00,2.250900000000000123e+00,1.006931396211281138e+00,-2.582820000000000671e-01,-2.815999999999999837e+00,1.800100000000000033e+00,1.170021171693487183e+00,-4.943300000000001859e-02,-2.692000000000000171e+01,2.862999999999999901e+01,1.365010113515647205e+01,-6.811000000000001720e+00,2.933549270729911562e-01,1.022000000000000064e+01,6.186999999999999744e+01,1.040147828147518716e+01,3.630340000000000344e+01,-3.187000000000000099e+01,4.017000000000000171e+01,1.724375336056509411e+01,4.509800000000000253e+00,4.120000000000000107e+00,3.584100000000000250e+02,1.267803006803107309e+02,1.911578999999999837e+02,3.721108529188581571e+01,3.092000000000000171e+01,8.048000000000000398e+01,1.260053651675197450e+01,5.913570000000000704e+01,-1.281599999999999966e+02,-4.000000000000000000e+01,1.998048758639288280e+01,-9.865090000000002135e+01,2.230927471203623895e+02
-4.815000000000000391e+00,1.285999999999999943e+01,2.524483316859115423e+00,4.259129999999999860e+00,-1.942220000000000013e+01,-4.177299999999999791e+00,3.106122781716138093e+00,-8.376951999999999288e+00,-1.020340000000000025e+01,3.497300000000000075e+00,2.528717928289156092e+00,-1.530493000000000103e+00,2.479600000000000026e+00,6.361399999999999721e+00,9.739629809884972067e-01,4.500708000000000375e+00,9.521340346309068892e+00,-9.390700000000000713e+00,-6.262500000000000178e+00,7.444915037601167462e-01,-8.456927000000002081e+00,-4.059999999999999609e+00,1.426199999999999912e+00,1.516681585513584229e+00,-7.689579999999999194e-01,-5.043800000000000061e+00,5.412499999999999645e+00,2.266417381656565144e+00,-1.415950000000000542e-01,9.610789935814697316e+00,-7.826100000000000279e+00,4.313100000000000378e+00,2.772065235220123824e+00,-7.582200000000002826e-02,-5.320899999999999963e+00,3.979400000000000048e+00,1.996959555392897601e+00,-7.086249999999999494e-01,-3.412100000000000133e+00,1.573399999999999910e+00,1.086502905196299995e+00,-1.614000000000000434e-01,7.265999658230104519e-01,-1.988699999999999912e+00,2.478699999999999903e+00,8.817951928741730727e-01,4.892320000000000002e-01,-2.315700000000000092e+00,1.840100000000000069e+00,9.099919216009558776e-01,7.283899999999998709e-02,-5.768999999999999773e+01,1.935999999999999943e+01,1.593804322995768352e+01,-2.330800000000000338e+01,5.202916775665358262e-01,2.094000000000000128e+01,5.277000000000000313e+01,8.474914144697867968e+00,3.997679999999999723e+01,-4.068999999999999773e+01,3.428000000000000114e+01,1.617782600073322641e+01,-1.193300000000000027e+00,7.199999999999999734e-01,3.403500000000000227e+02,9.046088389016547637e+01,1.966491000000000327e+02,4.629072657811713043e+01,3.968999999999999773e+01,7.325000000000000000e+01,8.634014854631651303e+00,6.042930000000001201e+01,-1.246200000000000045e+02,-6.009000000000000341e+01,1.711491316104174842e+01,-9.633069999999999311e+01,2.271611159327009943e+02
-8.328999999999999737e-01,1.412540000000000084e+01,2.559089053272472825e+00,4.612938999999999901e+00,-1.647660000000000124e+01,-2.703199999999999825e+00,3.109494376901010160e+00,-8.689589000000001562e+00,-8.897199999999999775e+00,3.732800000000000118e+00,2.241343156042598928e+00,-1.465181000000000289e+00,1.881899999999999906e+00,6.769700000000000273e+00,1.258691521084892351e+00,4.565157000000000131e+00,9.946603368457141769e+00,-9.598499999999999588e+00,-4.817899999999999849e+00,1.126766414682297768e+00,-8.253411999999999082e+00,-6.086800000000000210e+00,1.748799999999999910e+00,1.809175723296109206e+00,-1.041093999999999964e+00,-5.689099999999999824e+00,8.515599999999999170e+00,2.696023092352882955e+00,4.885000000000002535e-02,9.489117176704526813e+00,-8.810800000000000409e+00,3.737099999999999866e+00,3.060911816084220138e+00,-6.164660000000000695e-01,-7.457900000000000418e+00,9.433299999999999130e+00,2.606443715739129363e+00,-3.138219999999999898e-01,-3.137700000000000156e+00,1.918900000000000050e+00,1.108319586310735572e+00,7.160000000000002474e-02,6.934701863382448650e-01,-3.400999999999999801e+00,3.280600000000000183e+00,1.231622674959745645e+00,-1.281149999999999789e-01,-2.968599999999999905e+00,2.359500000000000153e+00,1.251959833491074869e+00,-7.649499999999999356e-02,-5.535000000000000142e+01,1.805999999999999872e+01,1.389061434026587705e+01,-1.253350000000000186e+01,1.655037711050718618e-01,1.098000000000000043e+01,6.065999999999999659e+01,1.119304532779171879e+01,3.855270000000000152e+01,-7.160999999999999943e+01,5.846999999999999886e+01,2.920957658354533848e+01,2.720900000000000318e+00,1.860000000000000098e+00,3.562400000000000091e+02,1.167407517597860931e+02,1.618416000000000281e+02,4.063007010023487453e+01,2.942999999999999972e+01,7.668000000000000682e+01,1.165913968138301371e+01,5.892670000000000385e+01,-1.354499999999999886e+02,-5.671999999999999886e+01,1.822406778822993800e+01,-9.794349999999998602e+01,1.981362880839851925e+02
-5.586999999999999744e-01,1.233840000000000003e+01,2.152281784249218788e+00,4.249133000000000493e+00,-1.762750000000000128e+01,-2.523899999999999810e+00,3.110954102358149509e+00,-8.434260999999999342e+00,-6.893500000000000405e+00,5.043199999999999683e+00,2.047156713560541963e+00,-1.394318000000000168e+00,1.396900000000000031e+00,6.831400000000000361e+00,1.300201890588919218e+00,3.940702999999999623e+00,9.546518347174220764e+00,-9.686799999999999855e+00,-4.859099999999999753e+00,1.186901314379169570e+00,-8.493725000000001302e+00,-5.833700000000000330e+00,2.000500000000000167e+00,2.018796109925665494e+00,-1.150257000000000085e+00,-4.926199999999999690e+00,7.569899999999999629e+00,2.593977643052460813e+00,5.454120000000000079e-01,9.433747700457280061e+00,-9.337300000000000821e+00,4.878700000000000259e+00,2.750060801278946254e+00,-2.839869999999999894e-01,-5.466499999999999915e+00,5.737700000000000244e+00,2.370957348010292787e+00,-2.226459999999999828e-01,-3.117999999999999883e+00,2.538800000000000168e+00,1.129593364719800430e+00,1.613909999999999789e-01,6.539832621933071577e-01,-2.822499999999999787e+00,2.309499999999999886e+00,9.741205394667541428e-01,-1.863329999999999709e-01,-2.896900000000000031e+00,1.860999999999999988e+00,1.182648782545350441e+00,-8.888799999999999479e-02,-3.974000000000000199e+01,1.147000000000000064e+01,1.177725776061643259e+01,-1.101419999999999888e+01,2.620460232745385754e-01,6.879999999999999893e+00,5.309000000000000341e+01,1.180402671760785260e+01,3.289150000000000063e+01,-4.253000000000000114e+01,3.657000000000000028e+01,1.911553174227701035e+01,-1.326100000000000056e+00,4.870000000000000107e+00,3.595199999999999818e+02,1.149670614499648735e+02,1.894666000000000281e+02,3.471198517947367890e+01,3.098999999999999844e+01,8.054999999999999716e+01,1.198843542752764790e+01,6.226600000000000534e+01,-1.387599999999999909e+02,-5.275999999999999801e+01,2.244734090510499414e+01,-9.967730000000000246e+01,2.229578691296856050e+02
-3.559699999999999864e+00,1.066029999999999944e+01,2.707678125382520395e+00,4.044334999999999347e+00,-1.901069999999999993e+01,-3.180299999999999905e+00,3.375095120707563012e+00,-8.971423999999998955e+00,-7.815900000000000070e+00,7.969299999999999606e+00,2.587080232245610567e+00,-1.226117999999999819e+00,1.731300000000000061e+00,6.588899999999999757e+00,1.067355717430229500e+00,4.274363000000000135e+00,9.916978346750839890e+00,-9.554700000000000415e+00,-6.256300000000000416e+00,8.314161566983169216e-01,-8.520391000000000048e+00,-5.130399999999999849e+00,1.659499999999999975e+00,1.617082725382656516e+00,-9.261129999999999640e-01,-5.875099999999999767e+00,6.985999999999999766e+00,2.536042480613248884e+00,-1.128949999999999676e-01,9.577313148133930198e+00,-9.292799999999999727e+00,4.554400000000000226e+00,3.358539196672267302e+00,-7.929039999999999422e-01,-6.389999999999999680e+00,6.085399999999999920e+00,2.488186261800148902e+00,-2.580170000000000519e-01,-3.421499999999999986e+00,2.087299999999999933e+00,1.070228990564168869e+00,-2.317659999999999998e-01,8.414361571325537081e-01,-2.251900000000000013e+00,2.911700000000000177e+00,9.694752133891820778e-01,5.349679999999999991e-01,-2.677799999999999958e+00,2.224800000000000111e+00,9.547611721781525951e-01,2.549000000000005255e-03,-6.164999999999999858e+01,2.139000000000000057e+01,1.887388681644562283e+01,-2.344379999999999953e+01,5.830203574327398330e-01,2.089999999999999858e+01,4.852000000000000313e+01,7.634966598486204070e+00,3.454480000000000217e+01,-7.098999999999999488e+01,3.628000000000000114e+01,2.294562842438620365e+01,-1.040609999999999857e+01,4.660000000000000142e+00,3.572799999999999727e+02,8.860151246767743771e+01,2.171562000000000126e+02,4.302606050627920808e+01,3.861999999999999744e+01,7.698000000000000398e+01,9.469187724403820283e+00,6.122720000000000340e+01,-1.327899999999999920e+02,-5.228000000000000114e+01,1.882854296301230335e+01,-9.839830000000002030e+01,2.461459133545994575e+02
-1.413100000000000023e+00,1.105749999999999922e+01,2.644240267268464617e+00,4.136766000000000609e+00,-1.669330000000000069e+01,-2.029300000000000104e+00,3.382662023135624807e+00,-8.647906000000000759e+00,-8.511400000000000077e+00,8.468799999999999883e+00,2.867865264983695095e+00,-1.330929999999999946e+00,2.083499999999999908e+00,7.119600000000000151e+00,1.286266990992150250e+00,4.344122000000000483e+00,9.678351398275017559e+00,-9.581899999999999196e+00,-4.532700000000000173e+00,1.335815285857666845e+00,-8.214836999999999279e+00,-6.377299999999999969e+00,1.025400000000000089e+00,1.875302971019882969e+00,-1.691078000000000303e+00,-6.045099999999999696e+00,8.526300000000000878e+00,2.943174027647532665e+00,8.079100000000000170e-02,9.445352703289433549e+00,-8.607499999999999929e+00,5.208899999999999864e+00,2.974725437738918288e+00,-8.301369999999999028e-01,-5.417699999999999960e+00,7.283800000000000274e+00,2.581454249446230254e+00,-9.529600000000006121e-02,-3.726199999999999957e+00,2.317899999999999849e+00,1.161535710126468723e+00,1.954009999999999081e-01,8.394855282052218204e-01,-4.464400000000000368e+00,1.770100000000000007e+00,1.163280525976430280e+00,-3.120220000000000216e-01,-2.994099999999999984e+00,2.159499999999999975e+00,1.309141341039614215e+00,-1.011089999999999905e-01,-4.700000000000000000e+01,7.400000000000000355e+00,1.417309185569613028e+01,-1.326350000000000051e+01,3.817883041241572073e-01,3.779999999999999805e+00,6.125000000000000000e+01,1.121962818055928146e+01,3.637569999999999482e+01,-4.510000000000000142e+01,4.225999999999999801e+01,2.144412236488124535e+01,2.544000000000000039e+00,6.070000000000000284e+00,3.562200000000000273e+02,1.124422371378300056e+02,1.464512000000000000e+02,3.880185457861516340e+01,2.950000000000000000e+01,7.818999999999999773e+01,1.342510035567704740e+01,5.935620000000000829e+01,-1.383499999999999943e+02,-7.217000000000000171e+01,1.603649910017769642e+01,-1.055219000000000023e+02,1.900157462935374610e+02
-4.267900000000000027e+00,1.101069999999999993e+01,2.194973444882420299e+00,4.400919000000000025e+00,-1.706690000000000040e+01,-2.637599999999999945e+00,2.596641369533151611e+00,-8.180272999999999683e+00,-6.281399999999999650e+00,6.709600000000000009e+00,2.184566334306193180e+00,-1.379196000000000089e+00,1.774899999999999922e+00,7.115499999999999936e+00,1.173988030116150716e+00,4.464512000000000036e+00,9.390800605140436019e+00,-9.545799999999999841e+00,-4.867600000000000371e+00,1.077873677909892969e+00,-8.330837000000000714e+00,-5.458599999999999675e+00,2.264600000000000168e+00,1.791378627621754260e+00,-1.042369999999999797e+00,-5.704799999999999649e+00,4.398200000000000109e+00,1.980282324634293101e+00,4.362900000000003581e-02,9.509008767248712246e+00,-9.474199999999999733e+00,3.988799999999999901e+00,3.009377470404634991e+00,-3.543389999999999596e-01,-4.836500000000000021e+00,5.455799999999999983e+00,2.110798847895033692e+00,-4.532450000000000090e-01,-2.874099999999999877e+00,1.778000000000000025e+00,9.809461431959454192e-01,1.465069999999999428e-01,5.769667638495304951e-01,-2.691500000000000004e+00,2.908599999999999852e+00,9.916788421661520969e-01,-1.694999999999999840e-01,-2.915999999999999925e+00,1.664900000000000047e+00,1.042891521727451698e+00,-1.217469999999999802e-01,-4.138000000000000256e+01,2.505999999999999872e+01,1.479820777628156137e+01,-1.091189999999999749e+01,2.549840839307426776e-01,-8.390000000000000568e+00,5.621999999999999886e+01,1.332218983350710140e+01,3.442980000000000018e+01,-5.085000000000000142e+01,3.820000000000000284e+01,2.300992031168295782e+01,-7.207499999999999574e+00,1.229999999999999982e+00,3.595000000000000000e+02,1.099113352266725769e+02,1.992437000000000182e+02,3.682972638915472174e+01,2.892000000000000171e+01,7.626000000000000512e+01,1.070341645270331377e+01,5.980320000000000391e+01,-1.321500000000000057e+02,-4.732000000000000028e+01,1.903570838687123867e+01,-9.854889999999998906e+01,2.301876634642699742e+02
-7.164500000000000313e+00,9.567899999999999849e+00,2.447745370419684985e+00,3.925416999999999490e+00,-1.733940000000000126e+01,-7.999000000000000554e-01,3.197877910117270517e+00,-8.499571999999998795e+00,-7.182299999999999685e+00,3.346900000000000208e+00,2.337370348903014872e+00,-1.306536999999999837e+00,1.872500000000000053e+00,6.697499999999999787e+00,1.044141774664724354e+00,4.374719999999999942e+00,9.452971053559934944e+00,-9.481799999999999784e+00,-6.504900000000000126e+00,7.152777966189081127e-01,-8.543492000000000530e+00,-4.011099999999999888e+00,2.008300000000000196e+00,1.446498128480987688e+00,-5.888490000000000668e-01,-6.987099999999999866e+00,5.969899999999999984e+00,2.387024200471373536e+00,4.725799999999999446e-02,9.616453284723274209e+00,-8.469799999999999329e+00,5.223099999999999632e+00,2.880605645051054431e+00,-2.426300000000000123e-01,-5.104599999999999582e+00,5.783800000000000274e+00,1.973378631507648473e+00,-8.584029999999998051e-01,-2.882000000000000117e+00,1.636300000000000088e+00,1.071075780364769470e+00,-2.365540000000000143e-01,8.932851425345661456e-01,-1.940600000000000103e+00,2.981300000000000061e+00,8.363865172101951906e-01,5.520270000000000454e-01,-2.804399999999999782e+00,2.093300000000000161e+00,9.683951984164316240e-01,-3.977999999999994561e-03,-6.415000000000000568e+01,7.730000000000000426e+00,1.580308375571046753e+01,-1.980590000000000117e+01,6.005892341101363163e-01,1.019999999999999929e+01,5.707000000000000028e+01,1.208857395187703609e+01,3.536090000000000799e+01,-3.592999999999999972e+01,2.273000000000000043e+01,1.208107995958970449e+01,-1.098990000000000222e+01,6.600000000000000311e-01,3.596200000000000045e+02,7.961534814814289973e+01,2.464535000000000196e+02,4.199339026120658502e+01,4.189999999999999858e+01,7.520999999999999375e+01,8.098387246853537391e+00,6.168999999999999773e+01,-1.216700000000000017e+02,-4.649000000000000199e+01,1.838760774298821232e+01,-9.286929999999998131e+01,2.704989660696321607e+02
-2.633199999999999985e+00,1.614849999999999852e+01,2.924051074287862040e+00,4.105566000000000493e+00,-1.843489999999999895e+01,-1.780999999999999917e+00,3.569957777565443191e+00,-8.895299999999998875e+00,-7.114799999999999791e+00,6.833400000000000141e+00,2.276506316101714500e+00,-1.346442999999999834e+00,2.112200000000000077e+00,7.843600000000000350e+00,1.395879350339419567e+00,4.509135999999999811e+00,9.889132571798450400e+00,-9.546599999999999753e+00,-3.880999999999999783e+00,1.472386020112932181e+00,-8.097875999999999408e+00,-5.837100000000000399e+00,9.646000000000000130e-01,1.826782033689569484e+00,-1.675967000000000207e+00,-6.916999999999999815e+00,8.604900000000000659e+00,2.845748957074569319e+00,-5.791530000000000289e-01,9.418957934026511936e+00,-1.038470000000000049e+01,4.352999999999999758e+00,3.133410343132701836e+00,-9.350069999999998105e-01,-4.460499999999999687e+00,5.853100000000000414e+00,2.458162018683064609e+00,3.636480000000000823e-01,-3.420599999999999863e+00,2.413699999999999957e+00,1.254099422426707022e+00,1.691630000000000078e-01,1.158402415122655293e+00,-3.122100000000000097e+00,2.614100000000000090e+00,1.273567455535826731e+00,-2.908799999999999164e-01,-3.666300000000000114e+00,1.986900000000000110e+00,1.348876044766160076e+00,-1.338160000000000183e-01,-6.282999999999999829e+01,4.990000000000000213e+00,1.282130313033741409e+01,-1.360979999999999990e+01,3.621243112868837710e-01,2.307000000000000028e+01,5.197999999999999687e+01,7.889803498186758191e+00,3.901740000000000208e+01,-5.110000000000000142e+01,4.524000000000000199e+01,2.426709035278024373e+01,3.069099999999999717e+00,2.389000000000000057e+01,3.136700000000000159e+02,1.128915351653966894e+02,1.685080000000000382e+02,4.143674134883196558e+01,2.360000000000000142e+01,7.731999999999999318e+01,1.360104816696125241e+01,5.836739999999999640e+01,-1.319300000000000068e+02,-7.132999999999999829e+01,1.588258035836746807e+01,-1.054754000000000076e+02,2.071877396274210241e+02
-3.363999999999999879e+00,9.804600000000000648e+00,2.340209571409364031e+00,3.987377999999999201e+00,-1.839930000000000021e+01,-2.094500000000000028e+00,3.526060902324859470e+00,-8.734963999999997952e+00,-6.384599999999999831e+00,5.610699999999999577e+00,2.280506244064901100e+00,-1.156859000000000082e+00,1.717600000000000016e+00,7.270299999999999763e+00,1.139886142936653357e+00,4.066328999999999638e+00,9.671458118715140273e+00,-9.578500000000000014e+00,-4.462699999999999889e+00,9.666534879981554251e-01,-8.557629000000000374e+00,-5.649300000000000210e+00,1.383000000000000007e+00,1.575898087815008619e+00,-1.298161000000000120e+00,-6.196600000000000108e+00,7.660099999999999909e+00,2.814104830061594953e+00,1.013319999999999915e-01,9.563120182231473976e+00,-9.248699999999999477e+00,4.768500000000000405e+00,2.977759440831982296e+00,-4.288440000000000030e-01,-5.249500000000000277e+00,5.877500000000000391e+00,2.343708247196950367e+00,-4.041099999999994696e-02,-3.231700000000000017e+00,1.983600000000000030e+00,1.082806834446476740e+00,3.427399999999999891e-02,4.425024287854248950e-01,-3.043299999999999894e+00,2.930600000000000094e+00,1.174595229060206858e+00,1.413000000000008650e-03,-2.874299999999999855e+00,1.910199999999999898e+00,1.040565833632836501e+00,-2.472600000000000839e-02,-3.757000000000000028e+01,1.507000000000000028e+01,1.284066510115422233e+01,-1.396240000000000059e+01,4.228567985737011897e-02,1.962999999999999901e+01,4.831000000000000227e+01,5.419133210209913898e+00,3.731550000000000011e+01,-3.270000000000000284e+01,2.910000000000000142e+01,1.503255267877016266e+01,-7.648600000000000954e+00,9.449999999999999289e+00,3.585699999999999932e+02,1.069081814165314626e+02,2.246888999999999896e+02,4.056964673213213501e+01,2.923999999999999844e+01,7.701999999999999602e+01,1.069489929779612147e+01,6.197990000000000066e+01,-1.330500000000000114e+02,-5.124000000000000199e+01,1.866810624434090826e+01,-1.029684999999999917e+02,2.548119341386310168e+02
-6.357000000000000428e-01,8.725400000000000489e+00,1.849035025010613564e+00,3.894022000000000094e+00,-1.765390000000000015e+01,-2.767100000000000115e+00,2.812102218705962997e+00,-8.296157000000000892e+00,-6.233600000000000030e+00,6.778200000000000003e+00,2.194562258739541694e+00,-1.186953999999999843e+00,2.608699999999999797e+00,6.499500000000000277e+00,9.162067482266217366e-01,4.348548000000000080e+00,9.241130239491759824e+00,-9.441300000000000026e+00,-5.986900000000000333e+00,7.756002044423402353e-01,-8.514712999999998644e+00,-5.153500000000000192e+00,2.133700000000000152e+00,1.535360759097353034e+00,-9.816680000000000961e-01,-6.703400000000000247e+00,6.741699999999999804e+00,2.309917147400745829e+00,-3.128799999999997555e-02,9.611133088397901147e+00,-1.108469999999999978e+01,3.771799999999999820e+00,3.047898717661727375e+00,-4.547739999999999005e-01,-7.556000000000000050e+00,4.590900000000000425e+00,1.868164546081527488e+00,-3.847579999999999889e-01,-2.441500000000000004e+00,1.919799999999999951e+00,9.875257192696299535e-01,-6.219099999999998934e-02,5.965207863804916633e-01,-2.613799999999999901e+00,2.942299999999999915e+00,9.364290062871825082e-01,1.898279999999999967e-01,-3.055800000000000072e+00,2.263900000000000023e+00,8.558795394212903584e-01,-3.455999999999999350e-02,-5.311999999999999744e+01,2.600000000000000000e+01,1.830113717778214877e+01,-2.444000000000000483e+01,2.027234166666496418e-01,9.320000000000000284e+00,5.078999999999999915e+01,1.012206288214018102e+01,2.859009999999999607e+01,-5.360000000000000142e+01,3.475999999999999801e+01,1.892749829718655619e+01,-2.132110000000001193e+01,6.860000000000000320e+00,3.456700000000000159e+02,7.235724620243642846e+01,2.256140000000000043e+02,4.323536426607275729e+01,3.761999999999999744e+01,7.431000000000000227e+01,8.436450022965821915e+00,6.143510000000001270e+01,-1.315699999999999932e+02,-5.772999999999999687e+01,1.700345939242953008e+01,-9.876869999999999550e+01,2.538330250532817445e+02
-4.247000000000000219e-01,1.507049999999999912e+01,2.525485345682290994e+00,4.304488000000000092e+00,-1.664329999999999998e+01,-1.207999999999999963e+00,3.020295962397559819e+00,-8.493045000000000400e+00,-6.316099999999999604e+00,4.971300000000000274e+00,2.107889320610548456e+00,-1.320915999999999979e+00,1.086500000000000021e+00,6.913800000000000168e+00,1.366949898350338088e+00,4.203579999999999650e+00,9.612764919274008335e+00,-9.727499999999999147e+00,-4.767299999999999649e+00,1.273718134244778755e+00,-8.312636000000001246e+00,-6.512800000000000367e+00,1.346799999999999997e+00,1.910871950534362762e+00,-1.502680999999999711e+00,-5.901299999999999990e+00,6.909799999999999720e+00,2.634417739450408469e+00,3.752129999999999632e-01,9.435467782397278569e+00,-8.175200000000000244e+00,3.123600000000000154e+00,2.808553242794410654e+00,-5.970670000000000144e-01,-4.369500000000000384e+00,7.732099999999999973e+00,2.263947990215323003e+00,3.012599999999999167e-01,-2.798799999999999955e+00,2.065100000000000158e+00,1.109468068175015087e+00,1.888299999999999979e-01,7.668320451428720652e-01,-3.601799999999999891e+00,2.544999999999999929e+00,1.170599547843326205e+00,-3.887670000000000847e-01,-3.001199999999999868e+00,1.850100000000000078e+00,1.219308285014089499e+00,-1.670639999999999903e-01,-5.647999999999999687e+01,2.383999999999999986e+01,1.426435286825168269e+01,-9.825499999999999901e+00,4.633647907264859533e-01,7.709999999999999964e+00,5.660000000000000142e+01,1.159447553406362630e+01,3.100529999999999120e+01,-4.802000000000000313e+01,3.685999999999999943e+01,1.960770124313403429e+01,3.411399999999999988e+00,2.720000000000000195e+00,3.372300000000000182e+02,1.014785359376060256e+02,1.204614000000000118e+02,3.270331372047791518e+01,2.908999999999999986e+01,8.270999999999999375e+01,1.274688839521237860e+01,6.087319999999998998e+01,-1.394600000000000080e+02,-6.089000000000000057e+01,1.858466799165376671e+01,-1.036157999999999788e+02,1.701550157293049494e+02
-6.050200000000000244e+00,1.055799999999999983e+01,2.568676263871919385e+00,3.780089000000000254e+00,-1.926630000000000109e+01,-2.967900000000000205e+00,3.080143558484734090e+00,-8.774935000000001040e+00,-6.934800000000000075e+00,6.414900000000000269e+00,2.168009413693584353e+00,-1.164143999999999846e+00,1.194700000000000095e+00,7.122499999999999609e+00,1.266483324104980213e+00,4.224942000000000419e+00,9.625164328720940077e+00,-9.641199999999999548e+00,-5.568599999999999994e+00,9.371534621373385221e-01,-8.519097999999999615e+00,-4.615700000000000358e+00,2.353000000000000203e+00,1.684621826168710479e+00,-6.518859999999999655e-01,-5.070199999999999818e+00,4.411200000000000010e+00,2.441205440863181142e+00,-1.834500000000000020e-01,9.531532982367737716e+00,-8.122999999999999332e+00,3.269800000000000040e+00,2.530038052505139579e+00,-5.693259999999998877e-01,-5.184300000000000352e+00,3.386099999999999888e+00,1.873396671645116474e+00,-4.470129999999998827e-01,-2.243100000000000094e+00,2.060799999999999965e+00,9.359267661008525696e-01,-1.486639999999999906e-01,7.467306200665673188e-01,-2.520199999999999996e+00,2.969399999999999817e+00,1.198799847151725162e+00,4.746629999999999461e-01,-2.748400000000000176e+00,2.016799999999999926e+00,1.035670525645584039e+00,-5.144699999999999274e-02,-3.329999999999999716e+01,2.521999999999999886e+01,1.159801175891799119e+01,1.371799999999999464e+00,5.000527394925459168e-01,1.735000000000000142e+01,6.648999999999999488e+01,9.274069303169994782e+00,3.962839999999999918e+01,-2.710999999999999943e+01,6.182999999999999829e+01,2.092578815218199040e+01,1.925389999999999802e+01,2.999999999999999889e-02,3.593399999999999750e+02,1.167233921609546030e+02,1.124537999999999869e+02,4.407952571217162330e+01,3.460000000000000142e+01,7.945999999999999375e+01,1.001764916335165090e+01,6.208819999999998629e+01,-1.272500000000000000e+02,-4.202000000000000313e+01,1.964314521760708132e+01,-9.408859999999999957e+01,1.592277185782676270e+02
