-6.652800000000000047e+00,1.338550000000000040e+01,3.488378125590601453e+00,4.757451000000000541e+00,-1.682369999999999877e+01,1.122000000000000108e+00,3.882022233923319021e+00,-8.028214999999999435e+00,-1.196889999999999965e+01,7.362300000000000288e+00,2.784268683911630404e+00,-1.032117000000000173e+00,8.274000000000000243e-01,7.490300000000000402e+00,1.931676308960691202e+00,4.835599999999999454e+00,9.388867961863937239e+00,-9.563499999999999446e+00,-5.107499999999999929e+00,1.438048017908650777e+00,-7.770316999999997698e+00,-5.168099999999999916e+00,3.453699999999999992e+00,2.383163634063762970e+00,-9.647259999999999724e-01,-1.199549999999999983e+01,8.321500000000000341e+00,4.016996941733961712e+00,7.356999999999994100e-02,9.202801198307231090e+00,-6.590200000000000280e+00,5.089699999999999669e+00,2.579305123051555348e+00,-7.240799999999998349e-01,-6.130499999999999616e+00,4.761000000000000121e+00,2.515297544958647435e+00,-1.855950000000000100e-01,-2.803199999999999914e+00,1.679999999999999938e+00,1.054762650146467751e+00,3.138399999999999523e-02,7.510991248330676218e-01,-1.962699999999999889e+00,3.282700000000000173e+00,1.192456000320347265e+00,1.066900000000000071e-01,-3.244499999999999940e+00,2.613900000000000112e+00,1.512758726648437024e+00,-4.814300000000000523e-02,-8.369999999999999218e+00,3.753999999999999915e+01,1.028201498929076685e+01,6.772400000000001086e+00,1.211835797664023162e-01,9.019999999999999574e+00,4.492999999999999972e+01,6.955738404368006833e+00,2.510350000000000392e+01,3.910000000000000142e+00,4.915999999999999659e+01,9.423168933538228487e+00,2.497950000000000159e+01,1.830000000000000071e+00,3.596999999999999886e+02,5.331074554149471822e+01,6.174089999999998923e+01,3.605588071674299044e+01,3.196999999999999886e+01,7.709000000000000341e+01,1.467708905028514188e+01,5.443489999999999895e+01,-1.293799999999999955e+02,-2.030000000000000071e+01,3.009753199450080885e+01,-9.114280000000000825e+01,1.228092303642523007e+02
-4.775000000000000355e+00,1.216430000000000078e+01,3.355492734073342920e+00,4.354440999999999562e+00,-1.942220000000000013e+01,-2.109000000000000041e-01,3.894737123238357412e+00,-8.702736999999999057e+00,-1.351980000000000004e+01,5.296199999999999797e+00,3.059722923308416220e+00,-1.371858999999999718e+00,3.548999999999999932e-01,6.826399999999999579e+00,1.885851940341817912e+00,3.959097000000000310e+00,9.827552331559015641e+00,-9.717700000000000671e+00,-4.973900000000000432e+00,1.508056463092479760e+00,-8.115804999999999936e+00,-6.206699999999999662e+00,1.901499999999999968e+00,2.360219450234236405e+00,-1.796743999999999897e+00,-9.307600000000000762e+00,8.803699999999999193e+00,3.905401188869588758e+00,9.350240000000001883e-01,9.207009767289809687e+00,-8.246900000000000119e+00,4.830000000000000071e+00,2.650071623065874959e+00,-2.272890000000000188e-01,-2.443799999999999972e+00,5.511400000000000077e+00,1.866570240005716697e+00,9.034449999999998315e-01,-2.276800000000000157e+00,1.947999999999999954e+00,1.118592298963299481e+00,5.130999999999999450e-02,1.319902662366433832e+00,-1.980299999999999949e+00,3.129900000000000126e+00,1.220382020326422179e+00,3.149200000000000610e-02,-3.214100000000000179e+00,2.353099999999999969e+00,1.627591205322761692e+00,-8.266600000000001724e-02,-1.607000000000000028e+01,1.218999999999999950e+01,6.077779754976318394e+00,-5.950000000000002509e-02,1.022649975309245091e-01,2.299999999999999822e+00,3.650000000000000000e+01,7.504273499147002369e+00,2.285850000000000293e+01,-7.190000000000000391e+00,2.737999999999999901e+01,8.258185352121858003e+00,1.202129999999999832e+01,5.100000000000000089e-01,3.588700000000000045e+02,1.119215450434365664e+02,1.151646999999999821e+02,2.582685068276812501e+01,3.048000000000000043e+01,8.379000000000000625e+01,1.683933006862208615e+01,5.936780000000000967e+01,-1.382199999999999989e+02,-9.910000000000000142e+00,3.355602274927706929e+01,-9.876049999999999329e+01,1.629143338174391431e+02
-6.927299999999999791e+00,1.069069999999999965e+01,3.402346401007839471e+00,4.831542999999999921e+00,-1.749640000000000128e+01,-8.379999999999999949e-02,3.669547167443279800e+00,-8.765102999999999867e+00,-1.120640000000000036e+01,8.266099999999999781e+00,2.518974201274002400e+00,-5.979539999999999855e-01,3.170999999999999930e-01,6.567400000000000126e+00,1.959898564031057333e+00,3.743997000000000686e+00,1.002638456012804369e+01,-9.722500000000000142e+00,-5.737800000000000011e+00,1.302791099562397248e+00,-8.344701000000000590e+00,-5.149600000000000399e+00,2.478699999999999903e+00,2.309677124291401817e+00,-1.282865000000000144e+00,-1.083779999999999966e+01,9.186600000000000321e+00,4.059666228859707182e+00,8.442839999999998124e-01,9.235653248343341559e+00,-6.679199999999999804e+00,5.028900000000000148e+00,2.546949278757627777e+00,-7.827939999999999898e-01,-4.356099999999999639e+00,5.892100000000000115e+00,2.391835688858872988e+00,3.781990000000000629e-01,-2.382200000000000095e+00,1.940600000000000103e+00,1.059590981915191632e+00,9.686200000000001753e-02,1.211864845060289575e+00,-2.402299999999999880e+00,3.337699999999999889e+00,1.223927569619624123e+00,7.975500000000000644e-02,-3.450800000000000090e+00,2.432100000000000151e+00,1.587306546827045528e+00,1.585999999999997481e-02,-2.050000000000000000e+01,1.876999999999999957e+01,1.006334437997626985e+01,2.033000000000000917e-01,1.264699437376327340e-01,1.109999999999999964e+01,4.271999999999999886e+01,7.141547888238235053e+00,3.109760000000000346e+01,-7.469999999999999751e+00,4.711999999999999744e+01,1.288521739785557507e+01,1.543810000000000393e+01,1.499999999999999944e-01,3.576200000000000045e+02,1.077492048202212800e+02,1.085769000000000091e+02,3.471940362765467825e+01,3.653000000000000114e+01,8.248999999999999488e+01,1.539828984790193900e+01,6.157759999999998257e+01,-1.336800000000000068e+02,-1.055000000000000071e+01,3.672148288658833337e+01,-9.148810000000001708e+01,1.547605133003247602e+02
-8.228400000000000603e+00,1.558409999999999940e+01,4.343356177259585671e+00,4.840031000000000638e+00,-1.942220000000000013e+01,-2.403099999999999792e+00,3.997251768590390331e+00,-8.816048999999999580e+00,-1.968880000000000052e+01,1.153560000000000052e+01,4.384376415146285844e+00,-1.299153000000000002e+00,9.062000000000000055e-01,7.172200000000000131e+00,1.759988969596116615e+00,4.468210000000000903e+00,1.014082928407588291e+01,-9.764099999999999113e+00,-5.084100000000000286e+00,1.299073002760045004e+00,-8.012109999999999843e+00,-5.469100000000000072e+00,2.755500000000000060e+00,2.209265069086097544e+00,-1.531554000000000082e+00,-9.840400000000000702e+00,1.157210000000000072e+01,4.638530751739822655e+00,3.511420000000000652e-01,9.300777650880382552e+00,-9.810000000000000497e+00,4.980999999999999872e+00,3.120843561849744319e+00,-8.408190000000000941e-01,-5.592900000000000205e+00,1.104560000000000031e+01,3.201304099753724319e+00,7.801699999999999191e-01,-2.881099999999999994e+00,1.945200000000000040e+00,1.117423805536198467e+00,4.561100000000001264e-02,1.199559304005016536e+00,-3.455000000000000071e+00,2.577999999999999847e+00,1.315038222438800197e+00,1.995500000000001092e-02,-3.273000000000000131e+00,2.304100000000000037e+00,1.428928491877742735e+00,-1.373900000000000121e-01,-1.076999999999999957e+01,2.510000000000000142e+01,8.229810993576949230e+00,2.674899999999999611e+00,1.461320548202891811e-01,2.507999999999999829e+01,5.121000000000000085e+01,5.888791973741303032e+00,4.412030000000000740e+01,-1.659999999999999920e+00,3.602000000000000313e+01,9.173999199367743884e+00,1.514870000000000339e+01,1.290000000000000036e+00,3.588299999999999841e+02,9.293945937350829922e+01,6.351440000000000197e+01,4.672514391406409118e+01,3.182999999999999829e+01,8.329000000000000625e+01,1.388568554879448591e+01,5.746219999999999573e+01,-1.336699999999999875e+02,-1.912000000000000099e+01,2.800983596435366607e+01,-9.945350000000000534e+01,1.312515984605520600e+02
-8.485799999999999343e+00,1.779360000000000142e+01,4.705011795880962744e+00,4.674261000000000443e+00,-1.875639999999999930e+01,-7.330000000000000404e-02,3.916625508371204933e+00,-9.127524000000001081e+00,-1.337899999999999956e+01,9.253899999999999793e+00,4.455933450306007515e+00,-8.388380000000004166e-01,-1.166999999999999982e-01,6.532700000000000173e+00,1.686750941964758610e+00,3.835641000000000744e+00,1.028902616659813063e+01,-9.693899999999999295e+00,-6.519800000000000040e+00,9.065725474864105848e-01,-8.544988000000000028e+00,-4.606700000000000017e+00,2.975499999999999812e+00,1.996586088416675286e+00,-8.876789999999999958e-01,-9.845700000000000784e+00,1.056220000000000070e+01,4.917631405966086611e+00,1.056215999999999822e+00,9.408343946097309285e+00,-8.551199999999999690e+00,5.700700000000000323e+00,2.966611319559068871e+00,-4.991920000000000246e-01,-9.281000000000000583e+00,1.082479999999999976e+01,3.679551646276486565e+00,7.672799999999993514e-02,-2.723300000000000054e+00,1.813099999999999934e+00,1.199746534202537296e+00,4.533699999999999536e-02,1.170757053151506799e+00,-2.748600000000000154e+00,2.093900000000000095e+00,1.112578320872288140e+00,-8.374500000000001387e-02,-3.623200000000000198e+00,2.263100000000000112e+00,1.372830800987142608e+00,-1.245310000000000028e-01,-1.923000000000000043e+01,1.607999999999999829e+01,8.791559761498524139e+00,-2.156399999999999650e+00,1.567693801576060253e-01,3.664999999999999858e+01,5.582000000000000028e+01,3.313679942299799119e+00,4.745819999999999794e+01,-2.098999999999999844e+01,2.430999999999999872e+01,1.126171159771018004e+01,1.211699999999999777e+00,6.999999999999999556e-01,3.599200000000000159e+02,1.476703194233357124e+02,2.223828999999999780e+02,4.752261593273247087e+01,3.896999999999999886e+01,8.071999999999999886e+01,1.165901627754245773e+01,6.260879999999999512e+01,-1.338799999999999955e+02,2.580000000000000071e+00,3.187473094725663714e+01,-9.198520000000000607e+01,2.486670325332451341e+02
-6.314400000000000013e+00,1.926729999999999876e+01,5.333494565031823065e+00,5.071323999999999721e+00,-1.939989999999999881e+01,-1.645399999999999974e+00,4.036183927903186586e+00,-8.704055999999997795e+00,-1.241070000000000029e+01,1.301629999999999932e+01,4.168792314756877282e+00,-7.824679999999998303e-01,6.450000000000000178e-01,6.898600000000000065e+00,1.514736793262776660e+00,3.862744000000000177e+00,1.010401772242784446e+01,-9.710399999999999920e+00,-5.523500000000000298e+00,1.057717302401733450e+00,-8.428300000000000125e+00,-5.045200000000000351e+00,2.767399999999999860e+00,2.048206562741170522e+00,-1.613987999999999978e+00,-1.744539999999999935e+01,1.170049999999999990e+01,5.614821690670505738e+00,8.957760000000001277e-01,9.410737981884309988e+00,-1.089029999999999987e+01,6.571799999999999642e+00,3.590424635939877263e+00,-7.178060000000000551e-01,-9.410899999999999821e+00,9.922100000000000364e+00,3.395011437980585356e+00,8.531090000000000062e-01,-2.924999999999999822e+00,1.484599999999999920e+00,1.060966691173196086e+00,1.153890000000000332e-01,1.430194064346863358e+00,-2.861600000000000144e+00,2.751300000000000079e+00,1.259687809776692147e+00,-7.671000000000000041e-02,-3.488300000000000178e+00,2.702999999999999847e+00,1.368734610116584927e+00,-6.778700000000002779e-02,-1.787000000000000099e+01,1.483999999999999986e+01,8.913120753136917429e+00,-1.163799999999999946e+00,1.542534368822944535e-01,2.510999999999999943e+01,5.025000000000000000e+01,6.884755655794910112e+00,4.165339999999999065e+01,-2.805999999999999872e+01,9.890000000000000568e+00,8.227038516379998612e+00,-7.223500000000001364e+00,1.270000000000000018e+00,3.595699999999999932e+02,9.965866213149763553e+01,2.972903999999999769e+02,4.229112335053301308e+01,3.428000000000000114e+01,8.196999999999999886e+01,1.228402333887395237e+01,6.206690000000000396e+01,-1.329300000000000068e+02,-1.311999999999999922e+01,2.846534826398580975e+01,-1.035611000000000104e+02,3.208719112683127719e+02
-1.538780000000000037e+01,1.837020000000000053e+01,5.776679082249592589e+00,4.393530000000000157e+00,-1.881159999999999854e+01,4.326200000000000045e+00,4.724603541625053360e+00,-8.690407999999999689e+00,-1.267200000000000060e+01,8.889400000000000190e+00,4.069132367211835799e+00,-4.963970000000000327e-01,8.358999999999999764e-01,6.812100000000000044e+00,1.612628088388330161e+00,4.367070999999999259e+00,9.750523424358972235e+00,-9.719099999999999184e+00,-4.807500000000000107e+00,1.094936242313222508e+00,-8.202936999999998591e+00,-6.004400000000000404e+00,3.234599999999999920e+00,2.186266174823184638e+00,-1.109831999999999930e+00,-1.655430000000000135e+01,9.753399999999999181e+00,5.362763110561942881e+00,-1.796859999999998181e-01,9.359017662833743145e+00,-1.014409999999999989e+01,8.727899999999999991e+00,3.890502923586615314e+00,-7.348579999999997892e-01,-6.154799999999999827e+00,8.890700000000000713e+00,3.382909859810633524e+00,6.355139999999999123e-01,-2.834400000000000031e+00,2.156899999999999817e+00,1.126779865905936262e+00,-1.921700000000000491e-02,9.880189183188751167e-01,-2.560599999999999987e+00,2.040999999999999925e+00,1.194722614890586287e+00,4.686300000000000188e-02,-3.429600000000000204e+00,2.402400000000000091e+00,1.307088354436684696e+00,-9.113599999999999479e-02,-1.744000000000000128e+01,2.678999999999999915e+01,9.884906119938619895e+00,-8.050000000000000488e-01,1.042650677552170585e-01,2.698000000000000043e+01,5.306000000000000227e+01,5.507619176195826860e+00,4.061510000000000531e+01,-2.251000000000000156e+01,1.275999999999999979e+01,7.740668536373326525e+00,-7.256900000000000794e+00,8.399999999999999689e-01,3.577799999999999727e+02,1.057235679466030973e+02,2.874008000000000038e+02,4.126617223125984424e+01,3.363000000000000256e+01,8.234000000000000341e+01,1.182851320961345465e+01,5.926449999999999818e+01,-1.395200000000000102e+02,-1.532000000000000028e+01,2.960007054231459378e+01,-9.441330000000002087e+01,3.082618562485149027e+02
-9.297399999999999665e+00,1.926729999999999876e+01,5.449284042704601205e+00,4.623695000000000555e+00,-1.942220000000000013e+01,-1.938299999999999912e+00,3.985168185263451957e+00,-8.961358000000000601e+00,-1.687480000000000047e+01,7.396799999999999820e+00,4.560632615898806641e+00,-1.021440000000000126e+00,2.073300000000000143e+00,7.409399999999999764e+00,1.329991873382690759e+00,4.814555999999999614e+00,1.013547395688968145e+01,-9.563599999999999213e+00,-4.679000000000000270e+00,1.190591560347628253e+00,-7.893076999999999899e+00,-6.765699999999999825e+00,2.253099999999999881e+00,2.049344623103688701e+00,-1.817566000000000237e+00,-1.047530000000000072e+01,1.283150000000000013e+01,5.346719532316146939e+00,7.637069999999998027e-01,9.422534699825783733e+00,-9.147399999999999309e+00,3.323300000000000143e+00,3.163545921838183173e+00,-1.223410999999999582e+00,-7.928300000000000125e+00,1.050130000000000052e+01,4.242806134304394128e+00,7.726030000000000397e-01,-2.790599999999999969e+00,1.917300000000000004e+00,1.049810656897709249e+00,1.271079999999999988e-01,1.636122933149889880e+00,-2.992199999999999971e+00,2.618700000000000028e+00,1.256499733470326063e+00,1.033670000000000283e-01,-3.171499999999999986e+00,2.354900000000000215e+00,1.330198680650375831e+00,4.198599999999998861e-02,-1.660999999999999943e+01,1.489000000000000057e+01,8.822278918170747275e+00,-3.378700000000000259e+00,1.691271845357806558e-01,3.722999999999999687e+01,5.153999999999999915e+01,3.192404053374196415e+00,4.386940000000000595e+01,-1.891000000000000014e+01,8.769999999999999574e+00,6.593586831914780788e+00,-6.786300000000000665e+00,1.500000000000000000e+00,3.570899999999999750e+02,6.627538928923767969e+01,3.233283999999999878e+02,4.451958824764667355e+01,2.850000000000000000e+01,7.721999999999999886e+01,1.213535799677949356e+01,5.498230000000001638e+01,-1.418100000000000023e+02,-5.002000000000000313e+01,2.175487859676536928e+01,-1.053682000000000016e+02,3.444804277910284327e+02
-6.338199999999999612e+00,1.926729999999999876e+01,4.740889048635813730e+00,4.796615000000000073e+00,-1.942220000000000013e+01,-2.202000000000000068e-01,4.068269362458194038e+00,-8.738122000000000611e+00,-1.009680000000000000e+01,6.548899999999999721e+00,3.166027660593634607e+00,-7.208660000000000068e-01,1.723700000000000010e+00,7.961899999999999977e+00,1.599642433265634711e+00,4.735263999999999918e+00,9.994095223433937747e+00,-9.523500000000000298e+00,-4.555299999999999905e+00,1.217281372023329977e+00,-8.041615000000000180e+00,-4.810599999999999987e+00,2.578800000000000203e+00,2.046076749592741884e+00,-9.235760000000000636e-01,-1.065210000000000079e+01,1.149479999999999968e+01,4.924014387535742721e+00,2.394709999999997674e-01,9.377808357270740913e+00,-9.713800000000000878e+00,5.873000000000000220e+00,3.116409160664722844e+00,-8.307649999999999757e-01,-6.073199999999999932e+00,9.017500000000000071e+00,3.188673807411946726e+00,9.698499999999996013e-02,-2.928100000000000147e+00,1.834899999999999975e+00,1.186310530366733174e+00,-1.672899999999999041e-02,8.700131811018733119e-01,-2.570500000000000007e+00,3.220200000000000173e+00,1.235333232370925849e+00,2.107800000000000229e-01,-3.176899999999999835e+00,2.748200000000000198e+00,1.344371755235507893e+00,2.332500000000001239e-02,-1.700000000000000000e+01,1.600000000000000000e+01,7.778222225547429147e+00,-2.200099999999999945e+00,2.127254650153573845e-01,2.987999999999999901e+01,6.157999999999999829e+01,6.722809683458248919e+00,4.407860000000001577e+01,-1.932999999999999829e+01,3.760000000000000142e+01,1.616734890419576587e+01,1.065210000000000079e+01,3.180000000000000160e+00,3.599399999999999977e+02,1.419439355754235805e+02,1.582656000000000063e+02,4.540077810324402918e+01,3.178999999999999915e+01,7.537999999999999545e+01,1.243115295175793378e+01,5.715769999999999840e+01,-1.314600000000000080e+02,-3.581000000000000227e+01,2.471064958595787431e+01,-9.362520000000000664e+01,1.925634463954413036e+02
-6.351700000000000124e+00,1.500980000000000025e+01,4.354991583780615905e+00,4.793219999999999814e+00,-1.906609999999999872e+01,-1.021500000000000075e+00,3.800831064359477818e+00,-8.766280000000000072e+00,-1.098930000000000007e+01,7.275999999999999801e+00,3.194659044677381932e+00,-7.832190000000001096e-01,1.317299999999999915e+00,7.527999999999999581e+00,1.835690783295214956e+00,4.835995000000000488e+00,1.002177903412168547e+01,-9.423099999999999810e+00,-5.396799999999999820e+00,1.187282877498029077e+00,-7.870300000000001184e+00,-5.270299999999999763e+00,4.494900000000000340e+00,2.458445021390553542e+00,-1.361999999999999322e-01,-1.187889999999999979e+01,8.906399999999999650e+00,4.879655573399724666e+00,-5.782999999999978262e-03,9.238345099097838187e+00,-6.546299999999999564e+00,4.555399999999999672e+00,2.684696153677544217e+00,-7.055230000000000112e-01,-6.399700000000000166e+00,6.768399999999999750e+00,2.782341838344814189e+00,-6.802859999999999463e-01,-2.484799999999999898e+00,1.776599999999999957e+00,1.047127106864777835e+00,1.154869999999999786e-01,9.800944793304369185e-01,-2.120099999999999874e+00,2.878400000000000070e+00,1.219992502640897314e+00,1.315900000000000125e-01,-3.302700000000000191e+00,2.314799999999999969e+00,1.458477702515880159e+00,-3.759200000000001429e-02,-1.655999999999999872e+01,6.459999999999999964e+00,5.910322495431192813e+00,-5.116000000000000547e+00,1.790707506350492639e-01,2.932000000000000028e+01,5.065999999999999659e+01,5.586017789982412829e+00,4.163849999999999341e+01,6.480000000000000426e+00,3.411999999999999744e+01,8.089483632469997687e+00,2.082839999999999847e+01,9.100000000000000311e-01,3.597500000000000000e+02,6.461542112375343550e+01,5.747899999999999920e+01,4.683759584788698760e+01,3.339000000000000057e+01,7.412999999999999545e+01,1.178949790449109791e+01,5.521540000000000958e+01,-1.303499999999999943e+02,-2.325000000000000000e+01,3.014451234885049757e+01,-8.358349999999998658e+01,1.154936245444310288e+02
-3.840399999999999814e+00,1.363990000000000080e+01,3.959239481095327751e+00,4.697943999999999676e+00,-1.716560000000000130e+01,-2.431299999999999795e+00,3.750992117151274563e+00,-8.375436999999999799e+00,-1.162480000000000047e+01,8.164999999999999147e+00,3.309267850502735975e+00,-6.682729999999998949e-01,-2.850000000000000103e-02,7.667699999999999960e+00,2.059361546539120624e+00,3.989094000000000140e+00,9.626277139716789222e+00,-9.687300000000000466e+00,-5.857000000000000206e+00,1.128540351959113730e+00,-8.307579999999999742e+00,-5.661100000000000243e+00,4.658299999999999663e+00,2.377501654842536727e+00,-2.729389999999999872e-01,-9.287599999999999412e+00,1.018290000000000006e+01,4.642639470232854393e+00,9.884939999999999838e-01,9.219720825217919469e+00,-8.886599999999999611e+00,4.557500000000000107e+00,2.835806626502590078e+00,-4.637780000000000236e-01,-7.423700000000000188e+00,6.613199999999999967e+00,3.042916209159233443e+00,-7.256940000000000612e-01,-2.552599999999999980e+00,1.630500000000000060e+00,1.110114106736780348e+00,-4.831999999999999490e-03,1.311046224568759966e+00,-2.323599999999999888e+00,2.927200000000000024e+00,1.193659672518092574e+00,1.134020000000000167e-01,-3.218799999999999883e+00,1.918299999999999894e+00,1.442018698839928170e+00,-2.458600000000001756e-02,-1.817000000000000171e+01,5.190000000000000391e+00,5.861570003847091925e+00,-6.965299999999998271e+00,1.161371311166243675e-01,2.985999999999999943e+01,5.210000000000000142e+01,6.041886937042102446e+00,4.126679999999999637e+01,5.009999999999999787e+00,4.013000000000000256e+01,8.666235096626447643e+00,2.079650000000000176e+01,2.099999999999999922e-01,3.533100000000000023e+02,4.015744874167182132e+01,5.703840000000000998e+01,4.673284282579007254e+01,3.699000000000000199e+01,8.046999999999999886e+01,1.295731963177570201e+01,6.019140000000000157e+01,-1.386899999999999977e+02,-3.029999999999999805e+00,3.563810917318706828e+01,-8.350159999999999627e+01,1.176813532853867059e+02
-1.269800000000000040e+01,1.254589999999999961e+01,4.858992417813698061e+00,4.648527000000000520e+00,-1.940409999999999968e+01,-1.577599999999999891e+00,3.908792699861557196e+00,-8.358447000000001736e+00,-1.437640000000000029e+01,6.520999999999999908e+00,3.463245917008348940e+00,-1.173524999999999707e+00,9.746000000000000218e-01,7.211899999999999977e+00,1.739157177626852846e+00,4.467903000000000624e+00,9.635849752209868058e+00,-9.699899999999999523e+00,-5.117099999999999760e+00,1.430146270447537171e+00,-7.890145000000000408e+00,-6.254900000000000126e+00,3.380300000000000082e+00,2.417397195891481498e+00,-1.743564000000000114e+00,-9.144000000000000128e+00,9.331400000000000361e+00,4.505490530741353083e+00,7.095400000000000595e-01,9.233447934576226146e+00,-7.777899999999999814e+00,4.569399999999999906e+00,2.927473882548570216e+00,-8.736860000000001847e-01,-3.852500000000000036e+00,8.656599999999999184e+00,2.875090452221633619e+00,1.121012000000000119e+00,-2.566399999999999793e+00,2.295399999999999885e+00,1.060572241848239283e+00,3.766100000000001391e-02,1.588534589595077762e+00,-2.141399999999999970e+00,2.717200000000000060e+00,1.245401509032328047e+00,1.233299999999999952e-01,-3.150999999999999801e+00,2.367300000000000182e+00,1.523448161991736383e+00,-8.182000000000005241e-03,-1.876999999999999957e+01,5.820000000000000284e+00,6.399580782363794462e+00,-7.569100000000000605e+00,1.292113963433566826e-01,3.010000000000000142e+01,5.564000000000000057e+01,6.861116949156309985e+00,4.437109999999999843e+01,3.240000000000000213e+00,3.721000000000000085e+01,9.289803681456353601e+00,2.247339999999999804e+01,7.299999999999999822e+00,9.259000000000000341e+01,1.992287154478490407e+01,4.961710000000000065e+01,5.031043129988055540e+01,3.144999999999999929e+01,8.154000000000000625e+01,1.516787158799810165e+01,5.547929999999999495e+01,-1.396899999999999977e+02,-3.112999999999999901e+01,2.808781992252157877e+01,-1.026980000000000075e+02,1.268333100762571348e+02
-6.077499999999999680e+00,1.330070000000000086e+01,4.252968503474249928e+00,4.490415999999999741e+00,-1.540140000000000065e+01,-2.187199999999999811e+00,3.440401472720880260e+00,-8.148330000000001405e+00,-1.062710000000000043e+01,5.637900000000000134e+00,2.893039741406259857e+00,-4.942380000000000106e-01,1.839000000000000079e-01,7.286400000000000432e+00,1.867627633244646423e+00,4.172621000000000357e+00,9.316833627504568227e+00,-9.748900000000000787e+00,-5.700199999999999712e+00,1.274741537355318366e+00,-8.188378999999999408e+00,-5.150199999999999889e+00,2.756099999999999994e+00,2.166842835113797605e+00,-1.379046000000000216e+00,-1.146429999999999971e+01,8.443799999999999528e+00,4.441640983480204419e+00,9.399869999999999060e-01,9.293120279400129746e+00,-7.020400000000000418e+00,4.753800000000000026e+00,2.786579433711517062e+00,-5.424959999999999782e-01,-5.013499999999999623e+00,7.262400000000000411e+00,2.556009670939450640e+00,5.005920000000000369e-01,-2.749699999999999811e+00,1.386400000000000077e+00,1.062392772217036319e+00,4.277100000000001734e-02,1.195186102935019923e+00,-2.206300000000000150e+00,2.873400000000000176e+00,1.208440941336811791e+00,6.660099999999997966e-02,-3.306599999999999984e+00,2.257000000000000117e+00,1.544995133681332788e+00,-4.489999999999927534e-04,-2.057000000000000028e+01,2.470000000000000195e+00,5.869786758477687272e+00,-1.005209999999999937e+01,7.915335269589027223e-02,3.071000000000000085e+01,5.631000000000000227e+01,7.903346214737147157e+00,4.465310000000000201e+01,9.220000000000000639e+00,4.145000000000000284e+01,9.737534710592820275e+00,2.609759999999999636e+01,7.099999999999999645e+00,1.109899999999999949e+02,2.404914081854069252e+01,6.637829999999999586e+01,5.268803260494739504e+01,3.553999999999999915e+01,8.378000000000000114e+01,1.424561813190287474e+01,5.942020000000000124e+01,-1.344099999999999966e+02,-7.030000000000000249e+00,2.903478975298426334e+01,-9.789399999999999125e+01,1.323634168300667113e+02
-7.797799999999999621e+00,1.454770000000000074e+01,4.250947977613816597e+00,4.790461000000000524e+00,-1.721460000000000079e+01,-1.603699999999999903e+00,3.657013419305294111e+00,-8.636389000000001204e+00,-1.321100000000000030e+01,4.901399999999999757e+00,3.668457328020049424e+00,-1.129264000000000046e+00,4.677999999999999936e-01,6.692199999999999704e+00,1.654115492972301649e+00,4.078152999999999473e+00,9.940370653730074224e+00,-9.775999999999999801e+00,-5.809300000000000352e+00,1.264352675629311751e+00,-8.174522999999998873e+00,-5.741600000000000037e+00,1.964399999999999924e+00,2.077271891286983418e+00,-2.021513000000000115e+00,-8.015700000000000713e+00,9.261200000000000543e+00,4.372617108608984893e+00,7.994299999999998629e-01,9.356317276477266631e+00,-1.006780000000000008e+01,3.995699999999999807e+00,3.009229640060060440e+00,-5.726280000000000259e-01,-4.316799999999999748e+00,8.458700000000000330e+00,2.958968432395992831e+00,1.106721999999999984e+00,-2.750500000000000167e+00,1.697400000000000020e+00,1.126934305738803932e+00,6.944299999999997697e-02,1.480481251677305155e+00,-2.092699999999999783e+00,2.470699999999999896e+00,1.153770216171313701e+00,8.497399999999999398e-02,-2.852899999999999991e+00,2.351900000000000102e+00,1.400728485253298405e+00,5.233999999999998376e-02,-1.976000000000000156e+01,1.610000000000000098e+00,5.296957715519353016e+00,-9.523600000000000065e+00,1.215828381187081808e-01,3.218999999999999773e+01,5.542999999999999972e+01,7.431564306389335961e+00,4.439860000000000895e+01,1.034999999999999964e+01,3.985000000000000142e+01,8.975749996518398888e+00,2.597599999999999909e+01,1.130000000000000071e+01,1.186899999999999977e+02,2.069151019403852132e+01,6.872169999999999845e+01,5.231335598984261281e+01,3.678000000000000114e+01,8.546999999999999886e+01,1.446743052514854888e+01,5.903200000000001069e+01,-1.357899999999999920e+02,-1.712999999999999901e+01,2.546745137837706707e+01,-1.071976999999999975e+02,1.403523991963799347e+02
-8.771900000000000475e+00,1.788410000000000011e+01,4.897983804903707217e+00,4.916948999999999792e+00,-1.926520000000000010e+01,-2.259300000000000086e+00,3.593310626212407044e+00,-8.621107000000000298e+00,-1.300779999999999959e+01,6.120700000000000252e+00,3.481129387582570178e+00,-6.896030000000001881e-01,3.910000000000000281e-02,7.252299999999999969e+00,1.807857185083766360e+00,3.743470999999999549e+00,9.948639387959493874e+00,-9.804999999999999716e+00,-6.157799999999999940e+00,1.064272415006608963e+00,-8.429815999999998866e+00,-5.125499999999999723e+00,3.073100000000000165e+00,2.107102405829151870e+00,-1.501356999999999831e+00,-9.043799999999999173e+00,9.335200000000000387e+00,4.401085360591293849e+00,1.234616999999999853e+00,9.345022512714777463e+00,-8.427099999999999369e+00,4.587500000000000355e+00,3.146219053564293766e+00,-9.017170000000001018e-01,-5.630399999999999849e+00,7.290000000000000036e+00,3.198338123008729106e+00,5.357029999999999292e-01,-2.734300000000000175e+00,1.742099999999999982e+00,1.192793979032422902e+00,-1.432800000000000046e-02,1.619984687886586228e+00,-2.359300000000000175e+00,2.674199999999999910e+00,1.210898694400155184e+00,-3.279000000000002746e-02,-3.482099999999999973e+00,2.355599999999999916e+00,1.474471156930171833e+00,-1.790410000000000057e-01,-1.989999999999999858e+01,-4.600000000000000200e-01,5.076533833237005133e+00,-9.653200000000000003e+00,1.825819141234969190e-01,3.153999999999999915e+01,5.518999999999999773e+01,7.154850393963523736e+00,4.467719999999999203e+01,1.089000000000000057e+01,3.875999999999999801e+01,8.662014783524673689e+00,2.590670000000000428e+01,1.914999999999999858e+01,1.710900000000000034e+02,3.140583120759582414e+01,7.949039999999999395e+01,5.253944779848755076e+01,3.889999999999999858e+01,8.895000000000000284e+01,1.349594426337038477e+01,6.249619999999998754e+01,-1.673700000000000045e+02,-3.296999999999999886e+01,3.047196612281524963e+01,-1.050369000000000028e+02,1.457986593498376351e+02
-1.225869999999999926e+01,1.781180000000000163e+01,4.971630642123366250e+00,4.532689999999999664e+00,-1.937900000000000134e+01,-2.637300000000000200e+00,3.617174567255498019e+00,-8.745820000000000149e+00,-1.725799999999999912e+01,7.483200000000000074e+00,4.132733442613859332e+00,-7.641010000000000302e-01,1.478599999999999914e+00,7.346099999999999852e+00,1.533434884231801965e+00,4.495610999999999358e+00,9.880207307880795042e+00,-9.688499999999999446e+00,-5.351700000000000124e+00,1.335209029200671527e+00,-7.839228999999999559e+00,-6.024899999999999700e+00,2.106599999999999806e+00,1.972753607648709995e+00,-2.545647000000000215e+00,-1.134070000000000000e+01,8.581599999999999895e+00,4.688294719539185529e+00,3.606709999999999638e-01,9.388522153479266663e+00,-8.069000000000000838e+00,4.958000000000000185e+00,2.730297753409873351e+00,-9.353250000000001840e-01,-3.776299999999999990e+00,9.550399999999999778e+00,3.086634027168591921e+00,1.739605000000000068e+00,-2.582500000000000018e+00,1.846200000000000063e+00,1.093657603356279040e+00,7.898899999999998978e-02,2.007770400691025081e+00,-2.146100000000000119e+00,2.644899999999999807e+00,1.130445752493678846e+00,8.533700000000001007e-02,-3.159299999999999997e+00,2.576299999999999812e+00,1.384136798179645300e+00,5.765499999999999098e-02,-1.807999999999999829e+01,2.899999999999999800e-01,4.664997453375510972e+00,-8.782600000000000406e+00,1.297912351239481343e-01,3.112000000000000099e+01,5.350000000000000000e+01,6.920973789142680133e+00,4.304410000000000025e+01,1.219999999999999929e+01,4.131000000000000227e+01,8.231682139149931743e+00,2.847539999999999338e+01,2.439999999999999858e+01,1.082099999999999937e+02,1.619161946779876260e+01,6.987989999999999213e+01,5.235243081968590673e+01,3.307000000000000028e+01,8.100000000000000000e+01,1.437092647639670950e+01,5.499890000000001322e+01,-1.422400000000000091e+02,-5.717999999999999972e+01,1.922783915472563265e+01,-1.153187999999999960e+02,1.456245345354277276e+02
-8.969300000000000495e+00,1.427919999999999945e+01,4.199423455090472324e+00,4.413993999999999751e+00,-1.858380000000000010e+01,-2.956500000000000128e+00,3.481168058511970642e+00,-8.688814000000000703e+00,-1.373820000000000086e+01,6.482300000000000395e+00,3.588367502427113997e+00,-1.111505000000000187e+00,5.461000000000000298e-01,6.074799999999999756e+00,1.629895394458184432e+00,3.725981999999999683e+00,9.808887557906707855e+00,-9.682900000000000063e+00,-6.223499999999999588e+00,9.941402394451198665e-01,-8.555954000000001614e+00,-5.249100000000000321e+00,2.787999999999999812e+00,1.994842900062809399e+00,-1.207813000000000248e+00,-8.693199999999999150e+00,8.209699999999999775e+00,4.572131762254779908e+00,4.115090000000000137e-01,9.409893886617906489e+00,-7.323400000000000354e+00,4.195700000000000429e+00,3.058899848622050222e+00,-6.230100000000001748e-01,-6.312400000000000233e+00,6.375200000000000422e+00,3.162499430878051410e+00,1.875360000000000360e-01,-2.835300000000000153e+00,2.025700000000000056e+00,1.100265725124617289e+00,6.744600000000000595e-02,7.698382092862110504e-01,-2.192200000000000149e+00,2.884399999999999853e+00,1.165134771270688763e+00,1.015239999999999893e-01,-2.878099999999999881e+00,2.290099999999999802e+00,1.317008330078439649e+00,6.385200000000000597e-02,-1.655999999999999872e+01,2.319999999999999840e+00,4.367882594576003363e+00,-7.005799999999998917e+00,1.375978320904802654e-01,3.160000000000000142e+01,5.429999999999999716e+01,6.690263297509298823e+00,4.437489999999999668e+01,1.403999999999999915e+01,4.100999999999999801e+01,7.756820572244790490e+00,2.892309999999999448e+01,1.081000000000000050e+01,9.701000000000000512e+01,2.089352345847870751e+01,6.881430000000001712e+01,5.342994195448839179e+01,3.939000000000000057e+01,8.089000000000000057e+01,1.225864089367169640e+01,6.315880000000001360e+01,-1.374000000000000057e+02,-1.955000000000000071e+01,2.938861502282814087e+01,-9.691480000000001382e+01,1.345991098074946706e+02
-4.120899999999999785e+00,1.586689999999999934e+01,4.492757249582376211e+00,4.718255000000000088e+00,-1.895459999999999923e+01,-2.462099999999999955e+00,3.731147459839130764e+00,-8.794043999999999528e+00,-1.599709999999999965e+01,9.235500000000000043e+00,4.235001691636497867e+00,-7.389060000000001738e-01,9.643000000000000460e-01,6.709600000000000009e+00,1.694941411887443294e+00,3.946886999999999812e+00,1.000715355112516392e+01,-9.614300000000000068e+00,-6.614099999999999646e+00,9.360174927483994045e-01,-8.512437000000000253e+00,-4.478600000000000136e+00,3.236499999999999932e+00,1.983462100917484205e+00,-6.691680000000000961e-01,-1.039269999999999960e+01,8.646499999999999631e+00,4.488766765191861019e+00,7.289529999999999621e-01,9.406768120984061454e+00,-8.094900000000000873e+00,4.277000000000000135e+00,3.182756778686678167e+00,-4.959820000000000340e-01,-8.205500000000000682e+00,9.317899999999999849e+00,3.501781186430128923e+00,6.555799999999996353e-02,-2.767900000000000027e+00,1.536899999999999933e+00,1.122845023634161166e+00,-8.829999999999988899e-03,8.841201682446793164e-01,-2.117599999999999927e+00,2.784299999999999997e+00,1.167204995412545410e+00,1.332200000000000745e-02,-3.532500000000000195e+00,2.175699999999999967e+00,1.352236514541372614e+00,-4.002099999999999408e-02,-1.714999999999999858e+01,3.899999999999999911e+00,4.859523766790322163e+00,-5.327399999999999025e+00,4.309437347264719054e-02,3.392999999999999972e+01,5.629999999999999716e+01,6.590031055313776420e+00,4.497629999999999484e+01,8.109999999999999432e+00,4.117000000000000171e+01,8.365951022448076202e+00,2.707570000000000476e+01,6.200000000000000178e+00,8.637999999999999545e+01,2.263127611161155883e+01,5.795340000000000913e+01,5.276686728374160396e+01,4.240999999999999659e+01,7.862999999999999545e+01,1.125746570236836064e+01,6.229139999999998167e+01,-1.265999999999999943e+02,-2.303999999999999915e+01,3.106091147068933012e+01,-8.851309999999999434e+01,1.227737103663890963e+02
-7.045300000000000118e+00,1.618440000000000012e+01,4.859191740861745323e+00,4.814920999999999118e+00,-1.745899999999999963e+01,-2.306999999999999940e+00,3.385536065219066248e+00,-8.298950999999998857e+00,-1.323010000000000019e+01,9.504300000000000637e+00,3.787666967045941302e+00,-5.866069999999999895e-01,3.361999999999999988e-01,6.505799999999999805e+00,1.713779665614865388e+00,3.860355000000000203e+00,9.612500179926707133e+00,-9.700300000000000367e+00,-6.429800000000000182e+00,9.962447926584108160e-01,-8.513700999999999297e+00,-4.870599999999999596e+00,2.698100000000000165e+00,1.945201533448655429e+00,-1.035136999999999974e+00,-9.007600000000000051e+00,9.892599999999999838e+00,4.755860846288923582e+00,1.017044000000000281e+00,9.405155716530963161e+00,-7.405999999999999694e+00,4.503499999999999837e+00,2.881356497943980965e+00,-3.342340000000000311e-01,-6.042099999999999582e+00,8.175000000000000711e+00,3.332464542907996208e+00,4.573100000000002857e-02,-2.805400000000000116e+00,1.532000000000000028e+00,1.131905335264393964e+00,9.979999999999995819e-03,1.071532635551992962e+00,-2.131099999999999994e+00,2.752699999999999925e+00,1.165613041784879789e+00,2.178900000000001322e-02,-3.687899999999999956e+00,2.139299999999999979e+00,1.386510031442614643e+00,-1.341469999999999885e-01,-1.450999999999999979e+01,5.280000000000000249e+00,5.110518149855257874e+00,-4.156799999999999606e+00,1.362709746424380919e-01,3.468999999999999773e+01,5.414999999999999858e+01,6.017444308009837428e+00,4.449000000000000909e+01,1.367999999999999972e+01,4.270000000000000284e+01,7.941139829394769478e+00,2.800109999999999744e+01,1.969999999999999973e+00,3.569100000000000250e+02,3.841797829141975740e+01,6.377600000000000335e+01,5.273234953470213782e+01,4.093999999999999773e+01,8.154999999999999716e+01,1.198616763231684423e+01,6.301069999999999993e+01,-1.331599999999999966e+02,-8.900000000000000355e+00,3.211033716344318378e+01,-9.170050000000000523e+01,1.282447199331808463e+02
-9.057299999999999685e+00,1.655219999999999914e+01,4.866508037038878243e+00,4.991893999999999387e+00,-1.643029999999999902e+01,-2.727799999999999780e+00,3.459479138404942145e+00,-8.526070999999998179e+00,-1.568790000000000084e+01,7.248400000000000176e+00,3.888715626518735036e+00,-7.859369999999998857e-01,6.562999999999999945e-01,6.539500000000000313e+00,1.679927304556956269e+00,3.821002000000000454e+00,9.911134615786734159e+00,-9.583600000000000563e+00,-6.615400000000000169e+00,8.401216107207337691e-01,-8.611280000000000712e+00,-3.541199999999999903e+00,3.810400000000000009e+00,1.930830619587332153e+00,-4.000920000000000032e-01,-9.170099999999999696e+00,1.011969999999999992e+01,4.840041464332614396e+00,1.181470999999999938e+00,9.429436522447566915e+00,-7.660199999999999676e+00,4.504100000000000215e+00,2.916739854477769622e+00,-6.040989999999999416e-01,-8.746900000000000119e+00,8.151600000000000179e+00,3.689443652099324122e+00,-3.762719999999999954e-01,-2.564599999999999991e+00,1.752499999999999947e+00,1.088760552784679092e+00,1.053099999999999870e-01,1.379271526431978367e+00,-2.144499999999999851e+00,2.266599999999999948e+00,1.041100468817010904e+00,4.067700000000000482e-02,-3.492999999999999883e+00,2.037100000000000133e+00,1.335626082568021733e+00,-2.814200000000001076e-02,-1.671000000000000085e+01,3.279999999999999805e+00,4.739895446104270604e+00,-6.845399999999999707e+00,1.163476969819342705e-01,3.339999999999999858e+01,5.363000000000000256e+01,5.720698300032959871e+00,4.458359999999999701e+01,9.939999999999999503e+00,3.585999999999999943e+01,7.914023439439637819e+00,2.488699999999999690e+01,2.979999999999999982e+00,8.487999999999999545e+01,2.414879066516582284e+01,5.860710000000000264e+01,5.151620773232440342e+01,4.171999999999999886e+01,7.793000000000000682e+01,1.034895798571044523e+01,6.291810000000000258e+01,-1.234599999999999937e+02,-1.425999999999999979e+01,3.111735913135946063e+01,-8.641369999999999152e+01,1.219049097686799428e+02
-5.763300000000000090e+00,1.717729999999999890e+01,3.767410610734513998e+00,4.553295000000001203e+00,-1.899020000000000152e+01,-2.504999999999999893e+00,3.023541336921822253e+00,-8.635695000000000121e+00,-1.441099999999999959e+01,9.708800000000000097e+00,3.277096196856448707e+00,-6.307069999999999066e-01,1.224299999999999944e+00,6.928499999999999659e+00,1.449393763190665707e+00,4.004732000000000625e+00,9.782919544282215440e+00,-9.605999999999999872e+00,-6.346300000000000274e+00,8.892717893169669319e-01,-8.630774999999999864e+00,-4.203999999999999737e+00,2.818999999999999950e+00,1.572299860663989302e+00,-5.278339999999999144e-01,-9.009800000000000253e+00,8.569699999999999207e+00,4.152895630219955336e+00,2.553900000000000614e-01,9.529258324969738680e+00,-8.440400000000000347e+00,4.879400000000000404e+00,2.714412776024309526e+00,-2.006339999999999790e-01,-6.480500000000000149e+00,5.277300000000000324e+00,2.456532395955526749e+00,-3.822889999999999344e-01,-2.681200000000000028e+00,1.776299999999999990e+00,9.226832285519229737e-01,7.024299999999999988e-02,5.016203081784069706e-01,-2.250900000000000123e+00,2.420399999999999885e+00,8.165027300652459852e-01,2.271399999999999808e-02,-2.594800000000000217e+00,2.068200000000000038e+00,1.049616963085105770e+00,4.569800000000000945e-02,-1.662999999999999901e+01,6.530000000000000249e+00,4.729826529588584627e+00,-6.001000000000001222e+00,8.682345333491404971e-02,3.421000000000000085e+01,5.532999999999999829e+01,4.954763994379550063e+00,4.622759999999999536e+01,6.400000000000000355e+00,3.745000000000000284e+01,6.726732088466136794e+00,2.362789999999999679e+01,5.320000000000000284e+00,9.503000000000000114e+01,2.037246659096536305e+01,5.864299999999999358e+01,5.226165574462790886e+01,4.032999999999999829e+01,7.723000000000000398e+01,1.056706373596752613e+01,6.366399999999999437e+01,-1.236700000000000017e+02,-3.167000000000000171e+01,2.245169906154097461e+01,-9.116549999999999443e+01,1.257109968747762281e+02
-9.859400000000000830e+00,1.926729999999999876e+01,5.546885579757708129e+00,4.890026000000000650e+00,-1.865719999999999956e+01,-1.350400000000000045e+00,3.827534403806711616e+00,-8.858726000000000766e+00,-1.295279999999999987e+01,9.124599999999999156e+00,4.045440638487233898e+00,-7.740739999999998178e-01,3.573000000000000065e-01,6.493900000000000006e+00,1.547923273102061792e+00,3.882017000000000273e+00,1.014832849198468168e+01,-9.756199999999999761e+00,-5.721799999999999997e+00,1.006537740265609715e+00,-8.426338999999998691e+00,-5.531900000000000261e+00,3.316600000000000215e+00,2.062460217234747262e+00,-1.560182000000000180e+00,-1.177599999999999980e+01,1.154570000000000007e+01,5.561935251898928456e+00,4.105779999999999430e-01,9.407837838968848843e+00,-8.563800000000000523e+00,5.181799999999999962e+00,3.236052195730315884e+00,-6.108470000000000288e-01,-8.946799999999999642e+00,1.277870000000000061e+01,3.739598088539863419e+00,7.481830000000000425e-01,-2.703300000000000036e+00,2.026699999999999946e+00,1.123424511733654318e+00,-1.193999999999988473e-03,1.049517104663854061e+00,-2.719399999999999817e+00,2.560500000000000220e+00,1.186580758200216357e+00,-2.248699999999996882e-02,-3.894499999999999851e+00,2.519400000000000084e+00,1.381818895144729220e+00,-7.503899999999998072e-02,-2.178000000000000114e+01,1.649999999999999911e+00,5.685669339664416455e+00,-1.028040000000000020e+01,7.834502106707227909e-02,2.375000000000000000e+01,5.550000000000000000e+01,7.475835241630194972e+00,4.340119999999999578e+01,9.160000000000000142e+00,3.878999999999999915e+01,8.660981237712039871e+00,2.437000000000000099e+01,7.790000000000000036e+00,1.140799999999999983e+02,2.457320867835537825e+01,7.051950000000002206e+01,5.082565971632833879e+01,3.568999999999999773e+01,8.418000000000000682e+01,1.232742595151153076e+01,6.106289999999999907e+01,-1.356399999999999864e+02,-1.764999999999999858e+01,3.018937576217832586e+01,-1.017052999999999940e+02,1.380059624970965615e+02
-5.307000000000000384e+00,1.926729999999999876e+01,5.104008711073679372e+00,4.980121999999999716e+00,-1.942020000000000124e+01,-2.031899999999999817e+00,3.904592310097816377e+00,-9.027865000000000251e+00,-1.314910000000000068e+01,7.454299999999999926e+00,4.131222406852963935e+00,-1.005846000000000018e+00,1.328400000000000025e+00,5.998000000000000220e+00,1.235923756760100467e+00,3.651726000000000028e+00,1.035932853851179658e+01,-9.711600000000000676e+00,-6.068900000000000183e+00,1.073951658223031957e+00,-8.325480000000000658e+00,-5.655000000000000249e+00,8.570999999999999730e-01,1.824226663002983306e+00,-2.740967000000000375e+00,-1.083610000000000007e+01,1.405090000000000039e+01,5.578709179809967722e+00,1.328847999999999807e+00,9.495347287201509445e+00,-9.371700000000000585e+00,4.202799999999999869e+00,3.220868452091143919e+00,-5.814179999999999904e-01,-6.956000000000000405e+00,9.744999999999999218e+00,3.718245010588194344e+00,1.859793999999999947e+00,-2.885200000000000209e+00,1.725000000000000089e+00,1.107858624328934782e+00,4.464999999999999525e-02,2.358541417966621090e+00,-2.575200000000000156e+00,2.659400000000000208e+00,1.232482203319382519e+00,-9.945099999999999774e-02,-3.134700000000000042e+00,2.124400000000000066e+00,1.293414080763001461e+00,-6.737799999999997957e-02,-3.167000000000000171e+01,-1.267999999999999972e+01,4.126331974041836048e+00,-2.183380000000000010e+01,1.281558378888764949e-01,2.587999999999999901e+01,5.404999999999999716e+01,8.295094801146035479e+00,3.999320000000000164e+01,5.440000000000000391e+00,3.682999999999999829e+01,9.398847641599473945e+00,2.262009999999999721e+01,2.132000000000000028e+01,2.796700000000000159e+02,3.945353676972445811e+01,1.387693999999999903e+02,5.087081474372116929e+01,3.822999999999999687e+01,8.201999999999999602e+01,1.321167076640952409e+01,6.079659999999999798e+01,-1.447899999999999920e+02,-5.332999999999999829e+01,1.888378986617887634e+01,-1.204426999999999879e+02,1.935448705887345113e+02
-1.154550000000000054e+01,1.921740000000000137e+01,5.406628321426487638e+00,4.896592999999999307e+00,-1.865390000000000015e+01,-2.188899999999999846e+00,3.361646931085416679e+00,-8.661718000000000472e+00,-1.017350000000000065e+01,9.355199999999999960e+00,3.780364409894368727e+00,-6.681979999999998476e-01,1.376400000000000068e+00,6.537099999999999689e+00,1.434582108719818061e+00,4.176921000000000106e+00,9.972385385973460359e+00,-9.672299999999999898e+00,-6.708999999999999631e+00,9.420600865634845000e-01,-8.394747999999999877e+00,-4.427800000000000402e+00,3.132099999999999884e+00,1.908882184804499671e+00,-1.289444000000000035e+00,-1.261640000000000050e+01,1.077020000000000088e+01,5.340202958893604190e+00,4.582680000000000642e-01,9.464730786075268298e+00,-8.009000000000000341e+00,4.848600000000000243e+00,2.817272750057935315e+00,-2.654410000000000380e-01,-6.476300000000000168e+00,1.131380000000000052e+01,3.709459614943798833e+00,9.284010000000000318e-01,-2.626599999999999824e+00,1.471700000000000008e+00,1.056108196386620124e+00,1.005449999999999955e-01,1.068829687605092671e+00,-2.379999999999999893e+00,2.581999999999999851e+00,1.083137198650290900e+00,3.007000000000001338e-02,-3.471600000000000019e+00,2.436900000000000066e+00,1.279619269010903837e+00,1.037600000000000675e-02,-2.682000000000000028e+01,-7.969999999999999751e+00,4.151200369772579002e+00,-1.915570000000000306e+01,1.054569262827245307e-01,2.755000000000000071e+01,5.520000000000000284e+01,8.114927402632755360e+00,4.176049999999999329e+01,9.130000000000000782e+00,3.756000000000000227e+01,9.312182105178141711e+00,2.518619999999999948e+01,4.000999999999999801e+01,1.299600000000000080e+02,1.911186534355032407e+01,9.235530000000002815e+01,5.239489357924110635e+01,4.125000000000000000e+01,7.951000000000000512e+01,1.154804330568603277e+01,6.018910000000001048e+01,-1.331699999999999875e+02,-3.349000000000000199e+01,2.407999912043187507e+01,-1.002706000000000017e+02,1.490181949335718059e+02
-4.929800000000000182e+00,1.846819999999999951e+01,4.673617479884719650e+00,4.700146000000000157e+00,-1.761139999999999972e+01,-2.353499999999999925e+00,3.487160421899027085e+00,-8.644821000000000311e+00,-1.219350000000000023e+01,9.108599999999999142e+00,3.537455885444226400e+00,-2.885440000000000227e-01,1.141299999999999981e+00,6.270599999999999952e+00,1.396953207068511782e+00,4.020780999999999494e+00,9.844163762519038130e+00,-9.713499999999999801e+00,-6.277499999999999858e+00,1.034871936618246613e+00,-8.354080000000001505e+00,-5.412399999999999878e+00,1.884700000000000042e+00,1.881653069244168863e+00,-1.910498000000000252e+00,-7.909399999999999764e+00,1.054310000000000080e+01,4.874880678242289100e+00,1.093250000000000277e+00,9.466115100946376870e+00,-8.710900000000000531e+00,3.709099999999999842e+00,2.990142762715352287e+00,-5.805090000000000527e-01,-6.710200000000000387e+00,1.081639999999999979e+01,3.728116000887713888e+00,7.999249999999998861e-01,-2.548399999999999999e+00,1.638200000000000101e+00,9.748680668705894670e-01,1.121859999999999802e-01,1.473793156181016251e+00,-2.358299999999999841e+00,1.659000000000000030e+00,1.001091390655218794e+00,-6.366000000000002733e-03,-3.058199999999999807e+00,2.097999999999999865e+00,1.251998394064065767e+00,4.630999999999999700e-03,-2.355000000000000071e+01,-1.540000000000000036e+00,4.436482943729187056e+00,-1.185970000000000191e+01,1.124618633715447347e-01,3.171999999999999886e+01,5.439999999999999858e+01,6.330561633062267823e+00,4.483709999999999951e+01,8.960000000000000853e+00,3.632000000000000028e+01,8.289880382128561820e+00,2.384950000000000259e+01,3.030000000000000071e+01,1.178599999999999994e+02,1.728406786610143087e+01,7.373599999999999000e+01,5.215186162305233353e+01,3.775000000000000000e+01,8.051000000000000512e+01,1.185873538409555827e+01,6.098469999999998237e+01,-1.375200000000000102e+02,-3.169999999999999929e+01,2.208337291697081639e+01,-1.077730999999999995e+02,1.441220746926021832e+02
-4.612400000000000055e+00,1.926729999999999876e+01,4.957163194251728910e+00,4.825633999999999979e+00,-1.942220000000000013e+01,-2.525300000000000100e+00,3.733843002090339258e+00,-8.765079000000000065e+00,-1.874279999999999902e+01,8.071500000000000341e+00,4.633456093163611733e+00,-6.269749999999999490e-01,1.324200000000000044e+00,6.309400000000000119e+00,1.449298985021379327e+00,4.162195999999999785e+00,1.002529057079254926e+01,-9.588900000000000645e+00,-6.020100000000000229e+00,1.081334151146628786e+00,-8.239258000000001303e+00,-5.717900000000000205e+00,2.945600000000000218e+00,2.197588943061008493e+00,-1.691743999999999915e+00,-8.324600000000000222e+00,1.168060000000000009e+01,4.598359315130125857e+00,5.978339999999999765e-01,9.384628159629770039e+00,-8.660399999999999210e+00,5.035800000000000054e+00,3.026121494210700202e+00,-8.103260000000002128e-01,-8.705299999999999372e+00,9.748499999999999943e+00,3.596285006330282474e+00,5.152620000000001088e-01,-2.564200000000000035e+00,1.608000000000000096e+00,1.118837330063669144e+00,-3.151600000000000928e-02,1.131162519921872001e+00,-2.524099999999999788e+00,1.777300000000000102e+00,1.168915357532785748e+00,-6.968199999999998007e-02,-3.641500000000000181e+00,2.372500000000000053e+00,1.358092950740485971e+00,-1.471570000000000100e-01,-1.721000000000000085e+01,2.549999999999999822e+00,4.654772057791873863e+00,-7.990299999999999514e+00,1.658433659481138300e-01,3.240999999999999659e+01,5.421999999999999886e+01,6.108086178173979697e+00,4.404820000000000846e+01,1.331000000000000050e+01,3.696000000000000085e+01,7.490301913140751999e+00,2.605349999999999966e+01,7.530000000000000249e+00,9.860999999999999943e+01,1.875781944123570000e+01,6.418410000000001503e+01,5.179646396791967078e+01,3.786999999999999744e+01,7.632999999999999829e+01,1.202530050518489091e+01,5.956759999999999167e+01,-1.378300000000000125e+02,-2.421000000000000085e+01,2.759682794724784927e+01,-1.038164999999999765e+02,1.358151807966252420e+02
-7.758799999999999919e+00,1.675410000000000110e+01,4.733182725976676331e+00,4.145646000000000164e+00,-1.738220000000000098e+01,-2.020199999999999996e+00,3.430543911569125637e+00,-8.580614000000000630e+00,-1.564889999999999937e+01,1.076229999999999976e+01,4.272471968816647703e+00,2.177399999999998781e-02,8.511999999999999567e-01,6.602800000000000225e+00,1.533104185133874031e+00,4.289254999999999818e+00,9.529627037895448183e+00,-9.540100000000000691e+00,-5.810399999999999565e+00,9.739009470880496400e-01,-8.342280999999999835e+00,-4.387599999999999945e+00,3.419099999999999806e+00,1.988228161316250908e+00,-9.628430000000000044e-01,-1.064949999999999974e+01,9.135099999999999554e+00,4.982110029448968191e+00,3.400920000000000054e-01,9.429656800787345361e+00,-8.410700000000000287e+00,5.756199999999999761e+00,3.453115506046677385e+00,-7.072900000000003073e-01,-1.000849999999999973e+01,1.211400000000000077e+01,3.778124856896606154e+00,4.424499999999998989e-01,-2.908100000000000129e+00,2.201999999999999957e+00,1.138743978521511213e+00,8.619099999999998984e-02,9.009349116689843173e-01,-2.815900000000000070e+00,2.761600000000000055e+00,1.148185826717522229e+00,1.723750000000000004e-01,-2.715500000000000025e+00,3.269800000000000040e+00,1.278752040262302048e+00,4.659499999999999753e-02,-1.796999999999999886e+01,2.310000000000000053e+00,4.386085197530936952e+00,-9.019200000000001438e+00,1.982753719729204445e-01,3.302000000000000313e+01,5.450000000000000000e+01,6.018481379052360580e+00,4.425169999999999959e+01,1.184999999999999964e+01,3.689999999999999858e+01,7.493617985325912834e+00,2.608069999999999666e+01,1.075999999999999979e+01,1.003900000000000006e+02,1.897543175029226958e+01,6.304829999999999046e+01,5.215133587953426542e+01,3.750000000000000000e+01,7.660999999999999943e+01,1.097830431533030549e+01,5.992939999999999401e+01,-1.255999999999999943e+02,-1.514000000000000057e+01,2.736114643358351728e+01,-9.484279999999998267e+01,1.286925709941719731e+02
-6.588700000000000223e+00,1.681060000000000088e+01,4.275256308963358620e+00,4.578036999999999246e+00,-1.942220000000000013e+01,-2.528999999999999915e+00,3.519041307419394915e+00,-8.897225999999999857e+00,-1.322840000000000060e+01,8.332200000000000273e+00,4.166252668576283291e+00,-6.184590000000000920e-01,8.518999999999999906e-01,6.240999999999999659e+00,1.450111479602516518e+00,3.567684999999999551e+00,1.002504587536266634e+01,-9.722500000000000142e+00,-6.823400000000000354e+00,8.719523094504654237e-01,-8.691862000000000421e+00,-4.703800000000000203e+00,1.935599999999999987e+00,1.753045092025587337e+00,-1.399024999999999741e+00,-8.126599999999999824e+00,1.123990000000000045e+01,4.815730385190910567e+00,1.222192999999999863e+00,9.499163765137117466e+00,-8.364900000000000446e+00,5.193100000000000271e+00,3.502658679441090328e+00,-6.757559999999999123e-01,-8.564600000000000435e+00,9.563800000000000523e+00,3.423283709741130831e+00,5.399110000000000298e-01,-2.717400000000000038e+00,1.244299999999999962e+00,1.075500119248714803e+00,-4.064000000000005108e-03,1.497299498666181616e+00,-2.451999999999999957e+00,3.487999999999999989e+00,1.221505358557218868e+00,1.138039999999999746e-01,-2.917899999999999938e+00,2.279500000000000082e+00,1.260149140673039625e+00,-3.778100000000000902e-02,-2.169000000000000128e+01,-1.300000000000000044e+00,4.409413769425591489e+00,-1.064390000000000036e+01,1.199802920191478245e-01,3.511999999999999744e+01,5.700999999999999801e+01,6.041955394572191551e+00,4.666009999999998570e+01,1.072000000000000064e+01,3.746999999999999886e+01,7.868137835599984697e+00,2.436700000000000443e+01,3.087999999999999901e+01,1.173700000000000045e+02,1.974243491467048273e+01,7.750419999999999732e+01,5.370482499943554444e+01,4.409000000000000341e+01,8.248999999999999488e+01,1.121706725084591838e+01,6.499770000000000891e+01,-1.369799999999999898e+02,-2.962999999999999901e+01,2.426664629156653774e+01,-1.030224000000000046e+02,1.443787273966978830e+02
-6.091700000000000337e+00,1.839310000000000045e+01,5.197791262093928388e+00,4.951750000000000540e+00,-1.931070000000000064e+01,-2.299100000000000144e+00,3.961550330180849677e+00,-8.857061999999999102e+00,-1.509820000000000029e+01,1.001469999999999949e+01,4.682995530090115821e+00,-1.184234000000000231e+00,1.671699999999999964e+00,6.942800000000000082e+00,1.419898566803629025e+00,4.461183000000000121e+00,1.021615316550706254e+01,-9.646200000000000330e+00,-6.060299999999999798e+00,9.902032242544961393e-01,-8.234825999999999979e+00,-4.792200000000000237e+00,2.685700000000000198e+00,1.884979483014072699e+00,-1.376895999999999898e+00,-1.077309999999999945e+01,8.666100000000000136e+00,4.920028736952254178e+00,-1.708579999999999821e-01,9.466274642359632452e+00,-8.237700000000000244e+00,4.274499999999999744e+00,3.248967803916191333e+00,-5.380539999999999212e-01,-8.155799999999999272e+00,8.875199999999999534e+00,3.261884828778600642e+00,8.038279999999999870e-01,-2.911300000000000221e+00,1.533600000000000074e+00,1.155094107395150616e+00,1.906899999999999568e-02,9.822596482926495565e-01,-2.613700000000000134e+00,2.036099999999999799e+00,1.203014298054682296e+00,9.132599999999997664e-02,-2.896900000000000031e+00,2.268800000000000150e+00,1.263685122181946285e+00,-5.192400000000001875e-02,-1.866000000000000014e+01,9.099999999999999645e+00,6.413091824541420571e+00,-6.399500000000000632e+00,1.067715636909004340e-01,2.989999999999999858e+01,5.688000000000000256e+01,6.932928601247815514e+00,4.552009999999999224e+01,1.288000000000000078e+01,4.011999999999999744e+01,7.751672077687496554e+00,2.711199999999999832e+01,2.114999999999999858e+01,9.392000000000000171e+01,1.695093189503161213e+01,6.074670000000000414e+01,5.336753365352383582e+01,4.014999999999999858e+01,7.765000000000000568e+01,1.130196683060077056e+01,5.911240000000000094e+01,-1.304799999999999898e+02,-3.568999999999999773e+01,2.281288076920580465e+01,-1.004100999999999999e+02,1.314025326112856646e+02
-5.304899999999999949e+00,1.899609999999999843e+01,4.841774167606333279e+00,4.938529999999999198e+00,-1.813260000000000005e+01,-2.846799999999999997e+00,3.683505536946564796e+00,-8.902777999999999636e+00,-1.426849999999999952e+01,6.822400000000000020e+00,4.145277800275755098e+00,-7.883210000000001605e-01,1.364100000000000090e+00,6.816200000000000259e+00,1.547604993510617977e+00,4.293730999999999298e+00,1.021126753528791653e+01,-9.579100000000000392e+00,-6.568200000000000038e+00,8.763814251135175759e-01,-8.401654000000000622e+00,-4.028800000000000381e+00,3.734999999999999876e+00,1.960344894833559781e+00,-3.748299999999999965e-01,-8.877599999999999270e+00,1.170919999999999916e+01,5.026121174275845149e+00,5.055360000000000964e-01,9.442691002303158498e+00,-7.965300000000000047e+00,4.849199999999999733e+00,3.143862648436792195e+00,-6.408420000000001338e-01,-1.087809999999999988e+01,7.675799999999999734e+00,3.563420752712062267e+00,-5.588209999999999011e-01,-2.856399999999999828e+00,1.677999999999999936e+00,1.115954482200774978e+00,1.083159999999999956e-01,9.892047443785335625e-01,-2.435299999999999798e+00,2.139100000000000001e+00,1.156066306582801406e+00,1.765720000000000345e-01,-3.194500000000000117e+00,2.576299999999999812e+00,1.342670904197674098e+00,2.606100000000001471e-02,-1.617000000000000171e+01,1.860000000000000098e+00,5.264753003703022571e+00,-7.385900000000001242e+00,2.087802738790234258e-01,3.982999999999999829e+01,5.717000000000000171e+01,5.086272599851485943e+00,4.977519999999999811e+01,1.063000000000000078e+01,3.522999999999999687e+01,7.787328858472589488e+00,2.277149999999999608e+01,6.839999999999999858e+00,8.917000000000000171e+01,1.904409121459987020e+01,4.945410000000001105e+01,5.523280968862617613e+01,4.299000000000000199e+01,7.762999999999999545e+01,9.966879336582739057e+00,6.054730000000001411e+01,-1.255600000000000023e+02,-2.412999999999999901e+01,2.727574667337266590e+01,-8.748209999999998843e+01,1.173234902502904475e+02
