-1.317779999999999951e+01,6.378099999999999881e+00,3.443418813415528135e+00,-1.782503999999999866e+00,-1.942220000000000013e+01,-1.569099999999999939e+00,3.661354198691380901e+00,-1.006992499999999779e+01,-1.249489999999999945e+01,8.933199999999999363e+00,3.770575006180887367e+00,-3.966420000000001056e-01,-3.674999999999999822e+00,8.631999999999999673e-01,1.380475188666569375e+00,-1.424873999999999752e+00,1.023416019474998429e+01,-9.667699999999999960e+00,-8.901999999999999247e+00,1.982096501460006710e-01,-9.360766999999999172e+00,-4.091199999999999726e+00,2.047600000000000087e+00,1.780493691909915244e+00,-1.183637000000000050e+00,-8.815200000000000813e+00,8.334300000000000708e+00,3.691653875407471030e+00,2.746700000000000530e-02,9.542285957354978976e+00,-7.985999999999999766e+00,7.767299999999999649e+00,3.291910220173691393e+00,-6.434540000000000814e-01,-1.023610000000000042e+01,1.005020000000000024e+01,4.083546375778166926e+00,1.683870000000000644e-01,-2.715599999999999792e+00,2.419799999999999951e+00,1.319959002943273063e+00,7.885699999999999654e-02,6.656888672450517186e-01,-2.782200000000000006e+00,2.567699999999999871e+00,1.156068211103479904e+00,1.538740000000000108e-01,-2.079299999999999926e+00,2.072599999999999998e+00,1.093448484783348329e+00,-9.313500000000000945e-02,-1.038000000000000078e+01,2.089000000000000057e+01,7.173244646601704133e+00,6.008200000000000429e+00,1.963918596836436992e-01,3.611999999999999744e+01,5.139000000000000057e+01,4.049367272797073092e+00,4.465370000000000061e+01,7.160000000000000142e+00,3.624000000000000199e+01,8.965096302327152600e+00,2.232770000000000010e+01,1.217199999999999989e+02,3.313700000000000045e+02,5.909718755499283560e+01,2.342153000000000134e+02,5.028496373887526971e+01,6.520000000000000284e+01,8.034999999999999432e+01,3.559786469719777635e+00,7.295230000000000814e+01,-1.784699999999999989e+02,1.791399999999999864e+02,1.196331278539100964e+02,6.151829999999999643e+01,2.529097587367280653e+02
-1.236449999999999960e+01,5.995800000000000018e+00,3.291617067432965893e+00,-1.467971999999999833e+00,-1.908230000000000004e+01,-6.395999999999999464e-01,3.591629855861542264e+00,-9.888021999999999423e+00,-1.469350000000000023e+01,6.852199999999999847e+00,3.860651159897641183e+00,-1.165858999999999979e+00,-4.293899999999999828e+00,8.106999999999999762e-01,1.319519325880072147e+00,-1.801377000000000006e+00,1.006415163206263230e+01,-9.652200000000000557e+00,-8.523500000000000298e+00,2.304323034537475445e-01,-9.257094999999999629e+00,-4.478900000000000325e+00,2.254300000000000193e+00,1.857290686957483228e+00,-1.409879000000000326e+00,-8.967800000000000438e+00,8.092499999999999361e+00,3.791548842943210484e+00,2.900240000000000040e-01,9.535540138334850369e+00,-7.362199999999999633e+00,8.062099999999999156e+00,3.401256161254985866e+00,-9.634549999999998393e-01,-7.976600000000000357e+00,6.937299999999999578e+00,3.402761323436452212e+00,5.508549999999999836e-01,-2.711699999999999999e+00,2.092000000000000082e+00,1.259863513929584400e+00,-1.303700000000003467e-02,1.147083557822183852e+00,-4.808399999999999785e+00,2.467799999999999994e+00,1.246894148519031464e+00,-2.351329999999999809e-01,-2.172299999999999898e+00,1.743400000000000061e+00,1.012819788819314226e+00,-1.207759999999999806e-01,-6.000000000000000000e+00,3.574000000000000199e+01,9.318064820551528626e+00,2.266199999999999903e+01,2.646588997823424716e-01,3.653999999999999915e+01,4.938000000000000256e+01,2.958311944335823451e+00,4.156620000000000914e+01,-2.750000000000000000e+00,3.710000000000000142e+01,9.722919196928460295e+00,1.403730000000000011e+01,7.657999999999999829e+01,3.173999999999999773e+02,6.185001099434016680e+01,1.736500000000000341e+02,4.937976324092694114e+01,6.240999999999999659e+01,7.981999999999999318e+01,3.815858571802681176e+00,7.113560000000001082e+01,-1.798400000000000034e+02,1.786399999999999864e+02,1.021552028736666955e+02,8.379719999999998947e+01,2.055153688053524093e+02
-1.339499999999999957e+01,3.567499999999999893e+00,3.050792985536711743e+00,-1.752959999999999630e+00,-1.720469999999999899e+01,-3.371999999999999997e-01,3.267741816924188747e+00,-9.790735000000001520e+00,-1.015339999999999954e+01,6.243500000000000050e+00,2.939822940348619351e+00,-9.567999999999998728e-01,-3.578800000000000203e+00,8.475000000000000311e-01,1.209830256581062802e+00,-1.548469000000000095e+00,9.992338407090953112e+00,-9.642899999999999139e+00,-8.461899999999999977e+00,2.470906957758628453e-01,-9.242531000000001384e+00,-4.871199999999999974e+00,1.788799999999999946e+00,1.891268946701129439e+00,-1.801837999999999829e+00,-7.976799999999999891e+00,6.814600000000000435e+00,3.709183955171136748e+00,-1.280100000000003978e-02,9.542995112026730453e+00,-7.411800000000000388e+00,7.607899999999999885e+00,3.069698431279528350e+00,-7.821599999999999664e-01,-8.044100000000000250e+00,7.194499999999999673e+00,3.228385433556532291e+00,1.076419999999999932e+00,-2.522800000000000153e+00,2.289200000000000124e+00,1.193429130591339371e+00,9.483999999999997640e-03,1.330645763379946445e+00,-2.563299999999999912e+00,2.313699999999999868e+00,1.126510471267355706e+00,-5.415499999999999481e-02,-1.887299999999999978e+00,1.518599999999999950e+00,9.145728829896500045e-01,-7.284999999999999809e-02,1.642999999999999972e+01,3.572999999999999687e+01,5.235174816565345779e+00,2.629919999999999902e+01,9.126791758882196737e-02,3.672999999999999687e+01,4.564999999999999858e+01,2.211242408692452699e+00,4.149490000000000833e+01,-3.569999999999999840e+00,2.155999999999999872e+01,7.282968175132992883e+00,9.531599999999999184e+00,7.273000000000000398e+01,2.396699999999999875e+02,5.016582241038214818e+01,1.387117000000000075e+02,5.004324175360744675e+01,6.127000000000000313e+01,7.851999999999999602e+01,4.300829636244616339e+00,7.085380000000000678e+01,-1.794900000000000091e+02,1.798400000000000034e+02,1.124843304321095161e+02,7.975820000000000221e+01,1.749930488864343374e+02
-9.161400000000000432e+00,5.590099999999999625e+00,3.071293184770219842e+00,-1.613427999999999862e+00,-1.810989999999999966e+01,-2.580000000000000071e-01,3.517776244259432694e+00,-9.886318000000001049e+00,-1.206209999999999916e+01,5.356399999999999828e+00,3.310555585434414638e+00,-7.308429999999997984e-01,-4.112499999999999822e+00,1.394400000000000084e+00,1.269116077062693027e+00,-1.521279000000000048e+00,1.004373262283285584e+01,-9.645799999999999486e+00,-8.093799999999999883e+00,3.244198907280501643e-01,-9.236270000000001090e+00,-5.358799999999999564e+00,2.085999999999999854e+00,1.939357241193844450e+00,-1.752277000000000085e+00,-7.623700000000000365e+00,8.762900000000000134e+00,3.542202938746451313e+00,7.254400000000002513e-02,9.523310768502204482e+00,-7.309099999999999930e+00,6.963799999999999990e+00,3.006185744424984652e+00,-5.929040000000000976e-01,-7.181199999999999584e+00,8.042400000000000659e+00,3.354790657643335283e+00,9.083329999999999460e-01,-2.753899999999999793e+00,2.362899999999999778e+00,1.281478096332122396e+00,6.233900000000000552e-02,1.087136892962886847e+00,-2.391999999999999904e+00,2.625399999999999956e+00,1.021796884217210710e+00,8.820199999999997487e-02,-1.949300000000000033e+00,1.845599999999999907e+00,9.679406034855649876e-01,-7.621800000000002184e-02,1.782000000000000028e+01,3.557000000000000028e+01,5.207763568942046284e+00,2.681309999999999860e+01,1.321927654941827956e-01,3.572999999999999687e+01,4.572999999999999687e+01,2.224669314752194982e+00,4.188620000000000232e+01,-1.610000000000000098e+00,2.203000000000000114e+01,7.128571845748628455e+00,9.428800000000000736e+00,6.331000000000000227e+01,2.508100000000000023e+02,5.128588525227969797e+01,1.406467000000000098e+02,5.061915004709184984e+01,5.642999999999999972e+01,8.078000000000000114e+01,5.138464949768559720e+00,7.093859999999999388e+01,-1.796399999999999864e+02,1.793100000000000023e+02,1.067270845879339021e+02,8.601440000000000907e+01,1.794777317613803405e+02
-1.331439999999999912e+01,6.639899999999999913e+00,3.716564045150305251e+00,-1.642336000000000240e+00,-1.850789999999999935e+01,-2.276699999999999946e+00,3.225841365020139850e+00,-9.767814999999998804e+00,-1.045209999999999972e+01,5.700199999999999712e+00,3.193644699414604826e+00,-6.909490000000002574e-01,-3.254399999999999959e+00,2.092799999999999994e+00,1.309071766941751758e+00,-7.705860000000002152e-01,9.928992291855303520e+00,-9.774499999999999744e+00,-8.647899999999999920e+00,2.691673204830035693e-01,-9.385728000000002069e+00,-4.619600000000000151e+00,1.908199999999999896e+00,1.882342135186640286e+00,-1.468148999999999704e+00,-1.052580000000000027e+01,6.022300000000000431e+00,3.698327416237778387e+00,-9.678520000000000456e-01,9.531062603906294228e+00,-8.266999999999999460e+00,6.256999999999999673e+00,2.881241692721212999e+00,-7.221850000000000769e-01,-5.730299999999999727e+00,6.578100000000000058e+00,3.108360936808175712e+00,5.452649999999999997e-01,-2.550100000000000033e+00,2.383599999999999941e+00,1.122777615282296360e+00,1.216389999999999832e-01,1.324991542748103601e+00,-2.543699999999999850e+00,3.183600000000000207e+00,1.150830600634167977e+00,5.373799999999998023e-02,-1.768799999999999928e+00,2.029700000000000060e+00,8.696777639396100490e-01,-4.200300000000001949e-02,1.339000000000000057e+01,3.489999999999999858e+01,5.464312739036813582e+00,2.547729999999999961e+01,1.394563407450517822e-01,3.724000000000000199e+01,4.846999999999999886e+01,2.411080123098359174e+00,4.264920000000000044e+01,-2.020000000000000018e+00,2.212999999999999901e+01,6.985830523996412467e+00,9.466699999999999449e+00,6.662999999999999545e+01,2.466500000000000057e+02,5.943275317693098003e+01,1.342808999999999742e+02,5.057336734705332759e+01,6.057999999999999829e+01,8.535999999999999943e+01,5.484337611781390009e+00,7.387639999999998963e+01,-1.774199999999999875e+02,1.799699999999999989e+02,1.390056850015494945e+02,8.189499999999998892e+00,1.534801306098609928e+02
-1.435149999999999970e+01,6.702600000000000335e+00,3.654753951965986847e+00,-1.778283000000000502e+00,-1.929939999999999856e+01,-1.612000000000000099e+00,3.765424439667326428e+00,-9.971433999999998576e+00,-1.263330000000000020e+01,8.040399999999999991e+00,3.575936696930749559e+00,-7.058879999999999599e-01,-3.919999999999999929e+00,1.480599999999999916e+00,1.320288662289804016e+00,-1.307727000000000084e+00,1.015332774576833508e+01,-9.689700000000000202e+00,-8.276099999999999568e+00,3.060362242790876652e-01,-9.244076999999998989e+00,-5.076999999999999957e+00,1.633199999999999985e+00,1.878270863875601826e+00,-1.908546000000000076e+00,-1.087969999999999970e+01,7.776500000000000412e+00,3.962879626980738923e+00,-4.046310000000001295e-01,9.529200245696069160e+00,-8.237500000000000711e+00,6.938500000000000334e+00,3.181418953309199438e+00,-9.177149999999998364e-01,-5.548099999999999810e+00,6.841599999999999682e+00,2.950567513465164105e+00,1.104878000000000027e+00,-3.067899999999999849e+00,2.058399999999999785e+00,1.236062024616887856e+00,4.179000000000001463e-02,1.492207245080253486e+00,-2.355799999999999894e+00,2.776199999999999779e+00,1.055734670823592847e+00,5.738899999999999557e-02,-2.119000000000000217e+00,2.652899999999999814e+00,9.632855328489056124e-01,-8.640200000000003433e-02,1.522000000000000064e+01,3.482999999999999829e+01,5.253104457366139179e+00,2.552660000000000196e+01,1.118266829741452473e-01,3.600000000000000000e+01,4.670000000000000284e+01,2.487427699451785212e+00,4.251120000000000232e+01,-5.360000000000000320e+00,2.101999999999999957e+01,7.596374832115644793e+00,8.432900000000000063e+00,5.838000000000000256e+01,2.293199999999999932e+02,5.016289508102577344e+01,1.323552999999999997e+02,5.029834227298152882e+01,5.756000000000000227e+01,8.114000000000000057e+01,5.308915392055142846e+00,7.135440000000001248e+01,-1.797500000000000000e+02,1.796599999999999966e+02,1.148414978688017527e+02,7.925350000000000250e+01,1.699720362286102784e+02
-1.208079999999999998e+01,7.330300000000000260e+00,3.542843240490750389e+00,-1.372446999999999973e+00,-1.907079999999999842e+01,-2.075499999999999901e+00,3.297129897578194857e+00,-9.959663999999998296e+00,-1.246010000000000062e+01,5.231499999999999595e+00,3.398303446058194677e+00,-9.361469999999999514e-01,-3.194599999999999884e+00,1.499000000000000110e+00,1.251524328938115271e+00,-1.083326000000000011e+00,1.009727136241836121e+01,-9.663000000000000256e+00,-8.325200000000000600e+00,2.931109951861239904e-01,-9.270001000000000602e+00,-5.085399999999999920e+00,1.394400000000000084e+00,1.746690277718119244e+00,-2.088234999999999619e+00,-9.945100000000000051e+00,6.495700000000000252e+00,3.866673740604965825e+00,-2.294459999999999278e-01,9.563850645921963434e+00,-7.200499999999999901e+00,6.271099999999999675e+00,3.005278852374767329e+00,-6.631630000000001690e-01,-6.300300000000000011e+00,7.807199999999999918e+00,3.240086967669077556e+00,1.172870999999999997e+00,-2.460599999999999898e+00,2.217099999999999849e+00,1.181239590269052897e+00,1.104090000000000071e-01,1.366768822488279689e+00,-2.322299999999999809e+00,1.919399999999999995e+00,1.006252466539088841e+00,9.367200000000001914e-02,-2.042899999999999938e+00,2.285400000000000098e+00,9.743273586895730975e-01,-6.129700000000000426e-02,1.475000000000000000e+01,3.547999999999999687e+01,5.489809377382788291e+00,2.540699999999999648e+01,1.572320357751561537e-01,3.635000000000000142e+01,4.689999999999999858e+01,2.621560945314833191e+00,4.274889999999999191e+01,-2.229999999999999982e+00,2.187999999999999901e+01,6.842922463392376642e+00,9.210399999999999920e+00,6.218999999999999773e+01,2.142599999999999909e+02,4.847271724382695623e+01,1.250349999999999966e+02,5.057485114530737746e+01,5.878000000000000114e+01,7.917000000000000171e+01,5.097323022920952518e+00,7.141400000000000148e+01,-1.793700000000000045e+02,1.799900000000000091e+02,1.327769674271859515e+02,5.661780000000000967e+01,1.547232558403552218e+02
-7.402999999999999581e+00,6.901900000000000368e+00,3.140611599400823462e+00,-1.140753000000000128e+00,-1.707239999999999824e+01,-2.308800000000000185e+00,3.245590141515098725e+00,-9.833489999999997622e+00,-1.289799999999999969e+01,5.784699999999999953e+00,2.877864704060112633e+00,-7.625450000000000284e-01,-2.919399999999999995e+00,1.361099999999999977e+00,1.213988716181497507e+00,-8.692720000000000447e-01,9.928762151654858314e+00,-9.762800000000000367e+00,-8.426600000000000534e+00,2.442544654658334036e-01,-9.416629999999999612e+00,-4.996299999999999741e+00,2.114100000000000090e+00,1.904592125258319113e+00,-1.257298000000000027e+00,-8.954299999999999926e+00,6.169800000000000395e+00,3.593216414513743295e+00,-5.697630000000001305e-01,9.539882212464048550e+00,-6.739300000000000068e+00,7.035000000000000142e+00,2.865967521353129488e+00,-7.083069999999999089e-01,-8.787399999999999878e+00,7.291100000000000136e+00,3.294433422122838628e+00,2.623199999999999976e-01,-2.509599999999999831e+00,3.520099999999999785e+00,1.256859453191167209e+00,3.048200000000000562e-02,9.461186314717618950e-01,-2.325099999999999945e+00,2.168600000000000083e+00,1.129505452793832410e+00,6.065299999999998470e-02,-1.767200000000000104e+00,1.817199999999999926e+00,8.790476739807688844e-01,-9.538699999999998569e-02,1.682999999999999829e+01,3.428999999999999915e+01,5.128502606999435720e+00,2.602010000000000289e+01,1.170752685326836573e-01,3.668999999999999773e+01,4.727000000000000313e+01,2.422859186993747027e+00,4.282440000000000424e+01,-5.469999999999999751e+00,2.069000000000000128e+01,7.148890075389324750e+00,7.531299999999999883e+00,7.184999999999999432e+01,2.412100000000000080e+02,6.016428808487639657e+01,1.434282000000000039e+02,5.067243154872281252e+01,6.184000000000000341e+01,8.284999999999999432e+01,4.690402754561701748e+00,7.480199999999999250e+01,-1.797599999999999909e+02,1.793300000000000125e+02,1.320866650400031972e+02,1.633190000000000097e+01,1.625844971602458884e+02
-1.207360000000000078e+01,5.899799999999999933e+00,3.381952013255658418e+00,-1.469893999999999812e+00,-1.700819999999999865e+01,-1.954099999999999948e+00,2.991659907966813137e+00,-1.000210799999999978e+01,-1.056489999999999974e+01,8.580899999999999750e+00,2.974157012949383727e+00,-1.169518000000000058e+00,-3.327100000000000168e+00,1.090200000000000058e+00,1.196096332660542716e+00,-1.231586000000000070e+00,1.017696050730393686e+01,-9.649800000000000821e+00,-8.524100000000000676e+00,2.726869892367437265e-01,-9.266651000000001304e+00,-4.847400000000000375e+00,8.681999999999999718e-01,1.714600001283097974e+00,-2.082759999999999945e+00,-9.176299999999999457e+00,6.856900000000000439e+00,3.593775332543201806e+00,-1.721020000000000050e-01,9.577343788796401469e+00,-7.054199999999999804e+00,5.998999999999999666e+00,2.791091381293525409e+00,-6.878130000000000077e-01,-6.954699999999999882e+00,8.815699999999999648e+00,3.249208678690090668e+00,1.032204999999999817e+00,-2.673299999999999788e+00,2.114900000000000002e+00,1.183403852291769365e+00,1.126090000000000008e-01,1.252259151852363361e+00,-2.236899999999999888e+00,2.451400000000000023e+00,9.931093266101169714e-01,8.278000000000000635e-02,-1.975100000000000078e+00,2.016099999999999781e+00,9.427554456082447576e-01,-5.167599999999999277e-02,1.533000000000000007e+01,3.425000000000000000e+01,5.215822055055176598e+00,2.534769999999999612e+01,1.490091415215858972e-01,3.621000000000000085e+01,4.661999999999999744e+01,2.519670327642090424e+00,4.221880000000000166e+01,-2.459999999999999964e+00,2.003999999999999915e+01,6.614834554998333616e+00,8.134100000000000108e+00,6.288000000000000256e+01,2.100000000000000000e+02,4.606929406567893182e+01,1.237272999999999996e+02,4.991088610253278546e+01,5.924000000000000199e+01,7.973999999999999488e+01,4.759820394720792436e+00,7.138909999999999911e+01,-1.794499999999999886e+02,1.796699999999999875e+02,1.272752681213439843e+02,6.555079999999999529e+01,1.571679221238863136e+02
-1.086940000000000062e+01,4.592999999999999972e+00,3.055426706120603519e+00,-1.485024999999999373e+00,-1.445170000000000066e+01,-2.138700000000000045e+00,2.714215533375895717e+00,-9.700141000000000346e+00,-9.773500000000000298e+00,4.370800000000000018e+00,2.583095648081773721e+00,-8.162809999999999233e-01,-3.208000000000000185e+00,1.113599999999999923e+00,1.220580882663660161e+00,-1.069774000000000003e+00,9.847047747496047165e+00,-9.711299999999999599e+00,-8.946199999999999264e+00,2.059753108408869382e-01,-9.391318000000000055e+00,-3.986800000000000122e+00,1.523200000000000109e+00,1.747551061528961336e+00,-1.497607000000000133e+00,-6.944300000000000139e+00,6.022700000000000387e+00,3.298713071472570313e+00,-4.053360000000001406e-01,9.569958041425730144e+00,-4.900000000000000355e+00,6.066900000000000404e+00,2.461779445965661672e+00,-5.908109999999999751e-01,-4.982599999999999696e+00,5.789600000000000080e+00,2.575133123009177627e+00,6.055590000000000694e-01,-2.585199999999999942e+00,1.822500000000000009e+00,1.110689557120260407e+00,4.744799999999999712e-02,9.381133263620126117e-01,-2.007400000000000073e+00,1.931799999999999962e+00,8.422646582494127676e-01,-2.340800000000000172e-02,-2.007899999999999796e+00,1.892099999999999893e+00,9.117226334933228316e-01,-1.058759999999999979e-01,1.701999999999999957e+01,3.432000000000000028e+01,5.249988224748698862e+00,2.596419999999999462e+01,1.183595139564200815e-01,3.685000000000000142e+01,4.629999999999999716e+01,2.332307089557462021e+00,4.200580000000000069e+01,-2.259999999999999787e+00,2.135000000000000142e+01,7.031723902429617645e+00,9.006400000000001071e+00,7.576999999999999602e+01,2.315500000000000114e+02,5.136120251814593729e+01,1.402066999999999837e+02,5.019703334102522518e+01,6.587999999999999545e+01,8.121999999999999886e+01,3.999374701125164577e+00,7.378200000000001069e+01,-1.796599999999999966e+02,1.796800000000000068e+02,1.349515711598423877e+02,3.062569999999999837e+01,1.613680134022229424e+02
-8.059400000000000119e+00,5.163999999999999702e+00,2.865694629959025796e+00,-1.345368000000000341e+00,-1.624980000000000047e+01,-3.125900000000000123e+00,2.949880111813868666e+00,-9.928055000000000518e+00,-9.764599999999999724e+00,6.265200000000000102e+00,2.754151061742256434e+00,-1.058451999999999948e+00,-3.016999999999999904e+00,1.181699999999999973e+00,1.205916075777663687e+00,-9.991910000000000514e-01,1.007455268360600620e+01,-9.739800000000000679e+00,-8.540399999999999991e+00,2.453557989104801496e-01,-9.376128999999998825e+00,-4.803099999999999703e+00,2.341000000000000192e+00,1.906100027769791705e+00,-1.453444000000000180e+00,-8.425900000000000389e+00,6.200599999999999667e+00,3.428673823255137698e+00,-5.739250000000000185e-01,9.540580545242415056e+00,-6.294599999999999973e+00,6.017800000000000260e+00,2.843960165455908573e+00,-5.286299999999999333e-01,-6.228799999999999670e+00,7.117300000000000182e+00,3.042990124324921553e+00,3.727689999999999615e-01,-2.552299999999999791e+00,1.874500000000000055e+00,1.193398918750557369e+00,-7.394999999999996194e-03,8.647521667425877023e-01,-1.920900000000000052e+00,1.319199999999999928e+00,8.240759377411769337e-01,-7.430600000000002481e-02,-1.740899999999999892e+00,1.724299999999999944e+00,8.981170568801150056e-01,-1.055709999999999982e-01,1.509999999999999964e+01,3.285999999999999943e+01,5.265649555373012269e+00,2.394739999999999824e+01,1.293108800604187425e-01,3.621999999999999886e+01,4.528999999999999915e+01,2.136641420547678472e+00,4.103119999999999834e+01,-3.379999999999999893e+00,2.144999999999999929e+01,7.218548532080393265e+00,7.849700000000000344e+00,6.164999999999999858e+01,2.440300000000000011e+02,5.727139605632116570e+01,1.396324000000000467e+02,4.815241562258325558e+01,6.056000000000000227e+01,8.226000000000000512e+01,4.888018914652437985e+00,7.361530000000000484e+01,-1.796999999999999886e+02,1.787400000000000091e+02,1.352416411132310827e+02,2.224900000000000233e+01,1.594096531733570998e+02
-1.034290000000000020e+01,5.627600000000000158e+00,3.283575609217945335e+00,-1.128892999999999924e+00,-1.724599999999999866e+01,-2.589500000000000135e+00,3.089052007936415656e+00,-9.732707999999998805e+00,-1.042379999999999995e+01,9.071300000000000807e+00,3.262053204264302231e+00,-1.022356999999999960e+00,-3.790999999999999925e+00,1.066200000000000037e+00,1.303310298823346258e+00,-1.456358999999999959e+00,9.851153143371689680e+00,-9.740299999999999514e+00,-8.591599999999999682e+00,2.397674107859530945e-01,-9.433254999999999058e+00,-3.426699999999999857e+00,2.825499999999999901e+00,1.783835726509310549e+00,-3.533269999999999467e-01,-8.072200000000000486e+00,6.715399999999999814e+00,3.719833473907131705e+00,-9.297999999999997933e-02,9.551550732778158803e+00,-7.121900000000000119e+00,6.269999999999999574e+00,2.782937433729152144e+00,-5.695570000000000910e-01,-6.512599999999999945e+00,7.807999999999999829e+00,3.168834339367711195e+00,-3.387379999999999836e-01,-2.588900000000000201e+00,2.273099999999999898e+00,1.163894560294874925e+00,9.394600000000000173e-02,6.691665631911088985e-01,-2.445800000000000196e+00,2.310999999999999943e+00,1.020258725164847613e+00,1.314500000000000043e-02,-1.807500000000000107e+00,1.718599999999999905e+00,9.043658300709951359e-01,-5.612000000000000322e-02,1.614999999999999858e+01,3.388000000000000256e+01,5.143632953467811575e+00,2.521019999999999683e+01,1.102184029143953720e-01,3.521999999999999886e+01,4.571999999999999886e+01,2.471268295835157058e+00,4.122990000000000066e+01,-3.290000000000000036e+00,2.251999999999999957e+01,6.751270843330165583e+00,8.500000000000000000e+00,7.559999999999999432e+01,2.575000000000000000e+02,6.009250008811415711e+01,1.727346000000000004e+02,4.906840977706533380e+01,6.028999999999999915e+01,8.287999999999999545e+01,4.938066361441490137e+00,7.468810000000000571e+01,-1.797299999999999898e+02,1.793799999999999955e+02,1.178499573196358909e+02,3.794760000000000133e+01,1.919780577684073819e+02
-1.339049999999999940e+01,6.173600000000000421e+00,3.833961000828646881e+00,-1.272774999999999990e+00,-1.801989999999999981e+01,9.827000000000000179e-01,3.846695536223265766e+00,-9.787039999999999296e+00,-1.242169999999999952e+01,6.968899999999999650e+00,3.482031236112622885e+00,-8.834560000000000191e-01,-3.167100000000000026e+00,2.560900000000000176e+00,1.266965070496815171e+00,-5.046210000000000973e-01,9.908915312291304289e+00,-9.798799999999999955e+00,-8.189899999999999736e+00,4.368631420708321000e-01,-9.188189999999998747e+00,-5.222400000000000375e+00,1.719200000000000061e+00,1.807019208168801017e+00,-2.536046999999999940e+00,-9.663000000000000256e+00,7.364099999999999646e+00,3.879001506002672350e+00,-1.069777000000000200e+00,9.545104096653421522e+00,-8.104200000000000514e+00,6.128499999999999837e+00,2.841280317578503301e+00,-8.165710000000000468e-01,-5.659699999999999953e+00,9.189399999999999125e+00,3.097174757034384829e+00,1.646583000000000352e+00,-2.579299999999999926e+00,2.470800000000000107e+00,1.172808705190663048e+00,-3.247700000000000586e-02,2.126604477484941746e+00,-2.277600000000000069e+00,2.436300000000000132e+00,1.037444534613778835e+00,-5.034000000000001668e-02,-2.229400000000000048e+00,2.028399999999999981e+00,9.906252087424386454e-01,-1.039019999999999944e-01,1.366000000000000014e+01,3.354999999999999716e+01,5.644889259321213437e+00,2.450349999999999895e+01,1.199353856582784927e-01,3.763000000000000256e+01,4.707000000000000028e+01,2.179943290546797474e+00,4.270650000000000546e+01,-4.040000000000000036e+00,2.583999999999999986e+01,7.491153702201017062e+00,9.768900000000000361e+00,5.647999999999999687e+01,2.267400000000000091e+02,4.677261424156233716e+01,1.115251000000000090e+02,5.019659412460172376e+01,5.663000000000000256e+01,8.746999999999999886e+01,7.739219989120350363e+00,7.113860000000001094e+01,-1.795000000000000000e+02,1.799199999999999875e+02,1.470765835727767978e+02,1.615160000000000196e+01,1.332644833499533661e+02
-1.442079999999999984e+01,5.651799999999999713e+00,3.911303787009518196e+00,-2.015765000000000029e+00,-1.746430000000000149e+01,-1.336600000000000010e+00,3.522443491261570525e+00,-9.945012999999999437e+00,-1.184440000000000026e+01,6.533199999999999896e+00,3.203998278596759786e+00,-9.246929999999999872e-01,-3.268299999999999983e+00,2.315500000000000114e+00,1.321638155228578526e+00,-5.180379999999999985e-01,1.018929091005075449e+01,-9.779700000000000060e+00,-7.905100000000000016e+00,4.184539145186719211e-01,-9.290731999999998436e+00,-5.491299999999999848e+00,2.658599999999999852e+00,2.160026782097620224e+00,-1.731111000000000288e+00,-7.172200000000000131e+00,6.496299999999999741e+00,3.475584867043099546e+00,-5.429590000000000805e-01,9.464819584101382688e+00,-8.802500000000000213e+00,6.588599999999999568e+00,2.958974311921447331e+00,-7.491329999999999378e-01,-9.308899999999999508e+00,9.434100000000000819e+00,3.825597410776387708e+00,8.037690000000001778e-01,-2.829899999999999860e+00,2.632400000000000073e+00,1.330100125555967461e+00,6.251400000000000012e-02,1.225581222412859939e+00,-2.584900000000000198e+00,2.843500000000000139e+00,1.177588790576319822e+00,-2.809700000000000392e-02,-2.008300000000000196e+00,2.000199999999999978e+00,1.002950673684404048e+00,-1.416660000000000141e-01,1.130000000000000071e+01,3.521000000000000085e+01,5.657261898657335308e+00,2.530909999999999727e+01,1.573743853395463133e-01,3.577000000000000313e+01,4.706000000000000227e+01,2.571281818471090830e+00,4.254090000000000060e+01,-4.209999999999999964e+00,2.364999999999999858e+01,7.673997951524354377e+00,9.038800000000001944e+00,5.610999999999999943e+01,2.532400000000000091e+02,6.169457394001517514e+01,1.269694000000000074e+02,5.031877006704358024e+01,5.710999999999999943e+01,8.575000000000000000e+01,7.393829998045667651e+00,7.280860000000001264e+01,-1.798300000000000125e+02,1.782299999999999898e+02,1.417832589717135647e+02,1.374400000000000066e+00,1.463701122008178572e+02
-1.091760000000000019e+01,5.394099999999999895e+00,3.524117431082426144e+00,-1.144471000000000016e+00,-1.924200000000000088e+01,-1.157100000000000017e+00,3.424813733010745764e+00,-9.775241000000001179e+00,-1.453810000000000002e+01,9.452500000000000568e+00,3.746349755310627749e+00,-5.448220000000000285e-01,-3.412100000000000133e+00,1.112800000000000011e+00,1.214308541424295340e+00,-1.291832000000000313e+00,9.857077735800098495e+00,-9.702600000000000335e+00,-8.121000000000000441e+00,3.555442147736340153e-01,-9.223378999999999550e+00,-5.452099999999999724e+00,1.425000000000000044e+00,1.982536082852214054e+00,-1.974682999999999966e+00,-8.464399999999999480e+00,7.392599999999999838e+00,3.751635016064862604e+00,-8.870599999999997931e-02,9.520447628360443559e+00,-7.941099999999999604e+00,8.336899999999999977e+00,3.110283677801753299e+00,-8.981600000000000694e-01,-8.377599999999999270e+00,8.893399999999999750e+00,3.714118044479874037e+00,1.139237000000000055e+00,-2.596000000000000085e+00,2.167600000000000193e+00,1.316467243832523115e+00,4.724599999999998939e-02,1.453417036574499610e+00,-2.776499999999999968e+00,2.311199999999999921e+00,1.200039267565440992e+00,6.264900000000002411e-02,-2.248299999999999965e+00,1.811900000000000066e+00,1.037896544651729869e+00,-1.232000000000000178e-01,1.657999999999999829e+01,3.489999999999999858e+01,5.301070929538671983e+00,2.623299999999999699e+01,1.460661552756147563e-01,3.578000000000000114e+01,4.740999999999999659e+01,2.709613941136264526e+00,4.145770000000000266e+01,-2.979999999999999982e+00,2.123000000000000043e+01,7.361803175853046888e+00,8.309999999999998721e+00,6.681000000000000227e+01,2.231599999999999966e+02,5.005920708361249893e+01,1.328804000000000087e+02,4.975909241827065443e+01,5.542000000000000171e+01,8.054999999999999716e+01,5.957923128070720331e+00,7.102199999999999136e+01,-1.792500000000000000e+02,1.790200000000000102e+02,1.245072714930336844e+02,5.922559999999999292e+01,1.618919296429565975e+02
-1.116360000000000063e+01,7.259800000000000253e+00,3.663076237358430909e+00,-1.197610000000000063e+00,-1.907710000000000150e+01,-1.847699999999999898e+00,3.393049659910535532e+00,-1.017264100000000049e+01,-1.224859999999999971e+01,7.065699999999999648e+00,3.650456593232550784e+00,-6.777850000000000819e-01,-3.593900000000000095e+00,5.082999999999999741e-01,1.236069940769938924e+00,-1.656414999999999971e+00,1.026529527744848025e+01,-9.638700000000000045e+00,-8.584400000000000475e+00,2.190900410219506489e-01,-9.284824999999999662e+00,-4.741100000000000314e+00,2.185400000000000009e+00,1.941952088157686607e+00,-1.368030000000000301e+00,-8.867800000000000793e+00,6.275400000000000311e+00,3.528592222713754722e+00,3.797019999999999840e-01,9.530120251799029774e+00,-7.005200000000000315e+00,6.149000000000000021e+00,2.908900220898613220e+00,-7.944159999999997890e-01,-7.615599999999999703e+00,9.004899999999999238e+00,3.450093874544720496e+00,2.993230000000000612e-01,-2.814999999999999947e+00,2.381200000000000205e+00,1.214305041468575874e+00,8.250799999999999801e-02,9.299809934557801139e-01,-2.412999999999999812e+00,1.814699999999999980e+00,1.032865229568214360e+00,-7.549300000000000455e-02,-1.903399999999999981e+00,1.888200000000000101e+00,9.508540220301958668e-01,-6.123300000000002352e-02,1.517999999999999972e+01,3.496000000000000085e+01,5.720476010787914234e+00,2.525390000000000157e+01,1.274999741254875252e-01,3.497999999999999687e+01,4.777000000000000313e+01,3.126190990646604551e+00,4.234669999999999845e+01,-5.650000000000000355e+00,1.796999999999999886e+01,6.965325619811323143e+00,5.094900000000000873e+00,5.882999999999999829e+01,2.411699999999999875e+02,5.614281461736666046e+01,1.346521999999999935e+02,4.956773620118233481e+01,6.102000000000000313e+01,7.870000000000000284e+01,3.863560901551831073e+00,7.152460000000000662e+01,-1.796299999999999955e+02,1.796999999999999886e+02,1.045980474756101728e+02,8.565730000000003486e+01,1.748832651035827723e+02
-1.188170000000000037e+01,6.126100000000000101e+00,3.589412063474462400e+00,-1.497472000000000136e+00,-1.938540000000000063e+01,-4.865999999999999770e-01,3.630172187918364379e+00,-9.876592000000000482e+00,-1.146180000000000021e+01,7.427699999999999747e+00,3.254159350278348128e+00,-9.685859999999999470e-01,-3.719700000000000006e+00,7.050999999999999490e-01,1.244122205934368841e+00,-1.429801000000000322e+00,1.003631659348408256e+01,-9.728099999999999525e+00,-8.370400000000000063e+00,3.016445137508720342e-01,-9.262481999999998550e+00,-5.098300000000000054e+00,1.989300000000000068e+00,1.850813267370860382e+00,-1.807781999999999778e+00,-8.359199999999999520e+00,7.286299999999999777e+00,3.786692235666769601e+00,4.662900000000001072e-02,9.544945230825005567e+00,-7.108799999999999564e+00,7.492499999999999716e+00,3.237759395257622241e+00,-8.930390000000000272e-01,-7.175799999999999734e+00,9.372700000000000031e+00,3.202348131867458481e+00,1.103984999999999772e+00,-2.557300000000000129e+00,2.743599999999999817e+00,1.110141846569167035e+00,-5.836000000000008715e-03,1.420730727262206949e+00,-2.594199999999999839e+00,2.800100000000000033e+00,1.087618826962828855e+00,-8.205999999999991079e-03,-2.048799999999999955e+00,2.260200000000000209e+00,9.267413330002066685e-01,-4.929699999999999360e-02,1.497000000000000064e+01,3.471000000000000085e+01,5.516046383960162558e+00,2.511730000000000018e+01,5.031492364100335901e-02,3.590999999999999659e+01,4.699000000000000199e+01,2.422561493543559763e+00,4.263409999999999656e+01,-4.370000000000000107e+00,2.489999999999999858e+01,7.510179225557803484e+00,1.034599999999999831e+01,7.106999999999999318e+01,2.371599999999999966e+02,4.920272026463577930e+01,1.398384000000000071e+02,5.055279377146231923e+01,5.860000000000000142e+01,8.275000000000000000e+01,5.191466238934815181e+00,7.168230000000001212e+01,-1.779699999999999989e+02,1.792299999999999898e+02,1.129870363305012262e+02,8.197249999999998238e+01,1.772360601122130959e+02
-1.097220000000000084e+01,6.206999999999999851e+00,3.516137517943659585e+00,-1.541652999999999940e+00,-1.934209999999999852e+01,2.709999999999999909e-02,3.776420714132762146e+00,-9.979036999999998159e+00,-1.135790000000000077e+01,8.008699999999999264e+00,3.213505963934717879e+00,-7.177660000000000151e-01,-3.318700000000000205e+00,1.441300000000000026e+00,1.218821045868096142e+00,-9.344069999999998766e-01,1.012289787810456865e+01,-9.759499999999999176e+00,-7.907099999999999795e+00,3.793133810597776323e-01,-9.269743000000001842e+00,-5.795300000000000118e+00,1.256499999999999950e+00,1.872779603289986827e+00,-2.057298999999999989e+00,-1.131010000000000026e+01,6.990800000000000125e+00,3.968648559708329859e+00,-7.433250000000000135e-01,9.541159830078260740e+00,-7.667399999999999771e+00,7.579900000000000304e+00,2.976547117042832813e+00,-8.454679999999998863e-01,-5.655700000000000394e+00,9.863599999999999923e+00,3.174303739070191810e+00,1.164374999999999938e+00,-2.404700000000000060e+00,2.295399999999999885e+00,1.180896998164954415e+00,5.565500000000000308e-02,1.619604067441792639e+00,-2.422499999999999876e+00,2.184499999999999886e+00,1.036139712874668106e+00,1.619800000000000753e-02,-2.051699999999999857e+00,2.782900000000000151e+00,1.011896096476313067e+00,-8.045599999999999974e-02,1.558999999999999986e+01,3.513000000000000256e+01,5.487785360234126664e+00,2.576280000000000214e+01,9.916159622051273770e-02,3.693999999999999773e+01,4.696000000000000085e+01,2.581487795826274745e+00,4.258259999999999934e+01,-2.100000000000000089e+00,2.187000000000000099e+01,7.010277480956085050e+00,8.684199999999998809e+00,5.706000000000000227e+01,2.171299999999999955e+02,5.119865688902395817e+01,1.234025999999999783e+02,5.052143125684386149e+01,5.374000000000000199e+01,8.345999999999999375e+01,6.177618635040528439e+00,7.185000000000000853e+01,-1.785999999999999943e+02,1.798199999999999932e+02,1.385575631741190819e+02,3.892150000000000887e+01,1.480050923076972822e+02
-1.373010000000000019e+01,5.023799999999999599e+00,3.946664208637339577e+00,-1.445768999999999860e+00,-1.725669999999999860e+01,-1.076699999999999990e+00,3.469811551828139162e+00,-1.024242000000000274e+01,-1.128410000000000046e+01,6.016799999999999926e+00,3.191429706329750982e+00,-7.553660000000000929e-01,-3.143100000000000005e+00,1.613099999999999978e+00,1.207936677030712502e+00,-8.552220000000001487e-01,1.037149908411108612e+01,-9.737700000000000244e+00,-8.681300000000000239e+00,2.709423753106923183e-01,-9.349319000000001267e+00,-4.401500000000000412e+00,2.000300000000000189e+00,1.776768197041752595e+00,-1.827508999999999828e+00,-9.248900000000000787e+00,5.841800000000000104e+00,3.872669813145835693e+00,-5.208930000000000504e-01,9.564567924277918465e+00,-7.024799999999999933e+00,6.950700000000000323e+00,2.785040258096640020e+00,-5.307910000000000128e-01,-5.596899999999999764e+00,8.116600000000000037e+00,2.946499180679336583e+00,1.150315999999999894e+00,-2.279100000000000126e+00,3.338099999999999845e+00,1.175521470946405023e+00,6.608800000000000785e-02,1.369779362885132912e+00,-2.397400000000000198e+00,2.446899999999999853e+00,9.903235015140254838e-01,-1.434299999999998076e-02,-2.045100000000000140e+00,1.897499999999999964e+00,9.305734611920759569e-01,-4.838500000000000439e-02,1.455000000000000071e+01,3.507000000000000028e+01,5.680510202437806910e+00,2.545719999999999672e+01,8.315319367288308283e-02,3.803999999999999915e+01,4.975999999999999801e+01,2.628943088010845752e+00,4.434680000000000177e+01,-1.570000000000000062e+00,2.208999999999999986e+01,6.799428596580745499e+00,9.712599999999998346e+00,6.459000000000000341e+01,2.468400000000000034e+02,5.393052120682684603e+01,1.310994000000000028e+02,5.204846108042004715e+01,6.224000000000000199e+01,8.223000000000000398e+01,5.092122567260140009e+00,7.332760000000000389e+01,-1.783600000000000136e+02,1.799300000000000068e+02,1.315806635321466729e+02,5.072379999999999001e+01,1.585461872406902444e+02
-1.434699999999999953e+01,7.868800000000000239e+00,3.779959686707782929e+00,-1.269508000000000081e+00,-1.764199999999999946e+01,-3.092000000000000082e+00,3.120674004599647500e+00,-9.916595999999998412e+00,-1.070940000000000047e+01,6.438399999999999679e+00,3.152894947888210453e+00,-7.986590000000001188e-01,-2.630100000000000104e+00,1.774299999999999988e+00,1.174532078882479791e+00,-5.122259999999999591e-01,1.002937600190365863e+01,-9.736000000000000654e+00,-8.357799999999999230e+00,3.735413432593506777e-01,-9.278473999999999222e+00,-4.991600000000000037e+00,1.018199999999999994e+00,1.754792815707597819e+00,-2.284628999999999799e+00,-9.496499999999999275e+00,6.902099999999999902e+00,3.602105400076321740e+00,-8.014710000000000445e-01,9.569325206690017183e+00,-7.753899999999999793e+00,6.300600000000000200e+00,2.851289235113652953e+00,-7.233250000000001068e-01,-7.400000000000000355e+00,7.384699999999999598e+00,3.245115642635096886e+00,1.339124999999999899e+00,-2.446299999999999919e+00,2.841699999999999893e+00,1.146720846488368251e+00,4.402300000000000657e-02,1.720119351990145207e+00,-2.309200000000000141e+00,1.807500000000000107e+00,1.042110726410106603e+00,1.384899999999999326e-02,-1.911499999999999977e+00,1.870100000000000096e+00,9.540551320547465686e-01,-4.937999999999998640e-02,1.594999999999999929e+01,3.356000000000000227e+01,5.158932253868042217e+00,2.488599999999999568e+01,6.758848814702096697e-02,3.804999999999999716e+01,4.678999999999999915e+01,2.010231277738957267e+00,4.296390000000000242e+01,-1.870000000000000107e+00,2.089999999999999858e+01,6.459389038446283315e+00,9.522500000000000853e+00,5.964999999999999858e+01,2.193100000000000023e+02,4.771042209161432623e+01,1.137372000000000298e+02,5.055578805102341988e+01,5.775999999999999801e+01,8.379000000000000625e+01,6.763390108518065880e+00,7.215319999999998402e+01,-1.796100000000000136e+02,1.793300000000000125e+02,1.478593034939296729e+02,1.185770000000000124e+01,1.352140524626416038e+02
-1.004449999999999932e+01,6.555299999999999905e+00,3.467791515956372805e+00,-1.293280999999999681e+00,-1.936649999999999849e+01,-2.084700000000000220e+00,3.212819713351341644e+00,-9.918800999999998425e+00,-1.040889999999999915e+01,6.533999999999999808e+00,3.347487537249989931e+00,-8.801659999999997819e-01,-3.358000000000000096e+00,1.603699999999999903e+00,1.257813225598697571e+00,-8.810469999999999136e-01,1.004140832802441352e+01,-9.806100000000000705e+00,-8.487899999999999778e+00,2.797906276057152142e-01,-9.356147999999999243e+00,-4.759599999999999831e+00,1.433200000000000029e+00,1.846123714802450522e+00,-1.669761999999999968e+00,-8.244899999999999451e+00,7.240999999999999659e+00,3.706843508622800876e+00,-2.527089999999999614e-01,9.544729139727168743e+00,-7.211599999999999788e+00,5.668000000000000149e+00,2.604361839916066845e+00,-6.718330000000000135e-01,-6.679400000000000226e+00,8.480499999999999261e+00,3.455224979207431879e+00,7.490189999999998793e-01,-2.656099999999999905e+00,2.530699999999999950e+00,1.151894498165522140e+00,-5.223599999999999077e-02,1.037425120638111320e+00,-3.213900000000000201e+00,2.200099999999999945e+00,1.086721715286392831e+00,-3.385500000000000315e-02,-1.961000000000000076e+00,1.574000000000000066e+00,8.816015964929962978e-01,-1.465190000000000103e-01,1.535999999999999943e+01,3.482999999999999829e+01,5.020305831321434376e+00,2.414439999999999742e+01,1.591935239951676184e-01,3.461999999999999744e+01,4.678999999999999915e+01,2.422725374449196334e+00,4.197759999999999536e+01,-2.470000000000000195e+00,1.976999999999999957e+01,6.462475807304812747e+00,8.033799999999999386e+00,6.203000000000000114e+01,2.329900000000000091e+02,5.731315867573519540e+01,1.326418999999999926e+02,4.908780801339573685e+01,5.993999999999999773e+01,8.557999999999999829e+01,5.311876094187439001e+00,7.355940000000001078e+01,-1.784399999999999977e+02,1.790200000000000102e+02,1.342703619315893491e+02,3.827739999999998588e+01,1.564289561261916504e+02
-1.249890000000000079e+01,5.016799999999999926e+00,3.188438480584971479e+00,-1.183544999999999847e+00,-1.519120000000000026e+01,-1.444900000000000073e+00,3.193104402160849897e+00,-9.599299000000000248e+00,-1.052139999999999986e+01,6.510699999999999932e+00,3.276849672324166907e+00,-8.297830000000000483e-01,-3.673299999999999788e+00,1.267500000000000071e+00,1.263206866150987873e+00,-1.055547000000000013e+00,9.707515639210422265e+00,-9.765100000000000335e+00,-8.551199999999999690e+00,2.617385330821582756e-01,-9.406669999999998311e+00,-4.743599999999999817e+00,2.346299999999999830e+00,1.934478226893236563e+00,-1.079073999999999867e+00,-9.340899999999999537e+00,6.773900000000000254e+00,4.021599569206760982e+00,-5.135340000000000460e-01,9.527015306778139347e+00,-6.254699999999999704e+00,6.858500000000000263e+00,2.856221667207221593e+00,-8.096760000000000623e-01,-7.586800000000000210e+00,8.070800000000000196e+00,3.232112796581208869e+00,-7.912399999999994438e-02,-2.592000000000000082e+00,2.079699999999999882e+00,1.272599531156600738e+00,2.006999999999999756e-02,9.620566519223280322e-01,-2.695399999999999796e+00,2.623499999999999943e+00,1.081463485928211954e+00,-3.369799999999998491e-02,-1.613599999999999923e+00,2.304699999999999971e+00,9.313691558667809289e-01,-8.532999999999997531e-02,1.662000000000000099e+01,3.685999999999999943e+01,5.311309227488077767e+00,2.609230000000000160e+01,9.391256041659175324e-02,3.481000000000000227e+01,4.613000000000000256e+01,2.576947155065466344e+00,4.213560000000000372e+01,-4.339999999999999858e+00,1.960000000000000142e+01,6.978774760658207121e+00,6.972200000000001729e+00,6.590999999999999659e+01,2.498899999999999864e+02,6.134931066695045132e+01,1.494187000000000296e+02,5.004826150317311573e+01,6.243999999999999773e+01,8.456000000000000227e+01,5.209481059568219052e+00,7.468030000000000257e+01,-1.796999999999999886e+02,1.796599999999999966e+02,1.231095865479207845e+02,4.061400000000000432e+01,1.719086737595866623e+02
-1.248189999999999955e+01,5.794299999999999784e+00,3.597902134945307306e+00,-1.378133999999999970e+00,-1.642950000000000088e+01,-2.835199999999999942e+00,2.999982543595046014e+00,-9.788044999999998552e+00,-1.026120000000000054e+01,6.587399999999999700e+00,3.319402310184621285e+00,-1.362421000000000326e+00,-3.791599999999999859e+00,6.196000000000000396e-01,1.163296940996149997e+00,-1.743162999999999796e+00,9.978039347748735466e+00,-9.711100000000000065e+00,-8.605399999999999494e+00,2.313875960028973777e-01,-9.365095999999999421e+00,-3.957399999999999807e+00,2.782399999999999984e+00,1.854086525073465941e+00,-7.631210000000001603e-01,-9.676700000000000301e+00,7.834999999999999964e+00,3.735936178326792589e+00,1.562370000000000425e-01,9.556463466912120452e+00,-6.061099999999999710e+00,6.542200000000000237e+00,2.696810900399952082e+00,-5.228779999999999539e-01,-6.801899999999999835e+00,8.782199999999999562e+00,3.171806887438136879e+00,2.913999999999997148e-02,-2.535299999999999887e+00,2.148200000000000109e+00,1.169074864779411804e+00,8.212100000000001343e-02,5.464984379236595968e-01,-2.828199999999999825e+00,1.561099999999999932e+00,1.006858270947803113e+00,-2.416800000000001239e-02,-2.168400000000000105e+00,1.802499999999999991e+00,8.991148247270757121e-01,-1.016339999999999744e-01,1.490000000000000036e+01,3.536999999999999744e+01,4.831963885419674476e+00,2.505009999999999692e+01,1.328812282491398378e-01,2.982999999999999829e+01,4.600999999999999801e+01,3.601649988546915981e+00,3.954440000000000310e+01,-7.219999999999999751e+00,2.298999999999999844e+01,6.973134305317802983e+00,6.651399999999999757e+00,8.057999999999999829e+01,2.464699999999999989e+02,5.324257763144079547e+01,1.585153999999999996e+02,4.728116118846913452e+01,6.134000000000000341e+01,8.106000000000000227e+01,4.216747650737473485e+00,7.331150000000000944e+01,-1.770999999999999943e+02,1.799300000000000068e+02,7.668535173675607552e+01,1.025350999999999857e+02,2.025219859704619694e+02
-9.881999999999999673e+00,6.057500000000000107e+00,3.581816543785569351e+00,-1.038107999999999809e+00,-1.804899999999999949e+01,-2.135400000000000187e+00,3.461401402647632075e+00,-1.008489300000000100e+01,-1.202180000000000071e+01,7.060200000000000031e+00,3.515964170988520987e+00,-8.704250000000000043e-01,-3.911999999999999922e+00,1.241200000000000081e+00,1.306108577033318507e+00,-1.508859999999999646e+00,1.017547909052630217e+01,-9.678399999999999892e+00,-8.751400000000000290e+00,2.204050614005948761e-01,-9.329753000000000185e+00,-4.420700000000000074e+00,2.584400000000000031e+00,1.863608259130657530e+00,-1.273530000000000051e+00,-8.048899999999999721e+00,8.263500000000000512e+00,3.986456253217762313e+00,2.996089999999999587e-01,9.536394926884533163e+00,-8.643399999999999750e+00,7.013499999999999623e+00,3.350267100465872616e+00,-9.583559999999998746e-01,-7.900999999999999801e+00,6.651299999999999990e+00,3.360742542058227311e+00,2.920799999999998953e-01,-2.489599999999999813e+00,2.268800000000000150e+00,1.221074197291466934e+00,9.769700000000000606e-02,1.045716262672145680e+00,-2.485500000000000043e+00,2.525999999999999801e+00,1.201026894911183973e+00,-5.367000000000000937e-02,-2.157599999999999962e+00,2.290299999999999780e+00,9.670410391622477064e-01,-6.162399999999999128e-02,1.188000000000000078e+01,3.445000000000000284e+01,6.005114216232693813e+00,2.342950000000000443e+01,1.273683244963204897e-01,2.857000000000000028e+01,4.774000000000000199e+01,4.446748991116994176e+00,3.961289999999999623e+01,-1.282000000000000028e+01,1.019999999999999929e+01,6.561689169718418313e+00,-1.131800000000000139e+00,4.585000000000000142e+01,2.306599999999999966e+02,5.567131369924729967e+01,1.204949999999999761e+02,4.603698825835589759e+01,6.317999999999999972e+01,8.176000000000000512e+01,4.462141614740616546e+00,7.251609999999999445e+01,-1.793400000000000034e+02,1.792800000000000011e+02,1.123596238601749491e+02,7.048599999999999000e+01,1.573083150383665441e+02
-1.313059999999999938e+01,7.815500000000000114e+00,3.385634828553723885e+00,-1.210221999999999909e+00,-1.927479999999999905e+01,-2.599999999999999881e-02,3.459226467671059790e+00,-9.942442000000001556e+00,-1.267759999999999998e+01,6.679499999999999993e+00,3.297721734381328762e+00,-1.201916999999999902e+00,-3.424199999999999910e+00,8.686000000000000387e-01,1.263631337623438267e+00,-1.423223999999999601e+00,1.008768529879561093e+01,-9.651400000000000645e+00,-8.616300000000000736e+00,2.036702387782761137e-01,-9.324305999999999983e+00,-4.676000000000000156e+00,1.800200000000000022e+00,1.872081677439315195e+00,-1.434985999999999873e+00,-1.182360000000000078e+01,7.841700000000000337e+00,3.897695287604073133e+00,2.063299999999998469e-02,9.540829825335318759e+00,-6.463300000000000267e+00,6.087399999999999700e+00,2.866608795837164880e+00,-5.900230000000000752e-01,-6.456500000000000128e+00,9.118800000000000239e+00,3.215669992349960982e+00,7.007499999999999840e-01,-2.668499999999999872e+00,1.694900000000000073e+00,1.239147266879929710e+00,-3.657199999999998646e-02,9.162987633506878282e-01,-1.992499999999999938e+00,2.004799999999999915e+00,9.721289822708714112e-01,4.173000000000010035e-03,-2.095200000000000173e+00,2.176600000000000090e+00,9.663621773041409790e-01,-1.131739999999999968e-01,1.291999999999999993e+01,3.485000000000000142e+01,5.887808094698740113e+00,2.453280000000000172e+01,1.190095768793419384e-01,3.039000000000000057e+01,4.595000000000000284e+01,4.369815858820597754e+00,3.934439999999999316e+01,-1.292999999999999972e+01,1.091000000000000014e+01,6.777070883501219001e+00,-1.093199999999999950e+00,4.872999999999999687e+01,2.086399999999999864e+02,5.195446020073733706e+01,1.190365000000000180e+02,4.637925369645354579e+01,6.147999999999999687e+01,7.979000000000000625e+01,3.797284317772374074e+00,7.241410000000000480e+01,-1.793400000000000034e+02,1.798799999999999955e+02,1.138403009395179026e+02,7.117199999999999704e+01,1.564574823875802849e+02
-1.443970000000000020e+01,6.392100000000000115e+00,3.624215974902571968e+00,-1.257568999999999937e+00,-1.649459999999999837e+01,1.686999999999999889e-01,3.262384816268460774e+00,-9.847291000000000238e+00,-1.158740000000000059e+01,6.649499999999999744e+00,3.207101925636913986e+00,-8.970759999999999845e-01,-3.254799999999999915e+00,1.472199999999999953e+00,1.190112822046716756e+00,-1.048839999999999772e+00,9.967716146551223844e+00,-9.688900000000000290e+00,-7.892000000000000348e+00,4.037941471888862877e-01,-9.231135999999999342e+00,-5.680900000000000283e+00,1.936500000000000110e+00,1.960843513634884738e+00,-2.105294000000000221e+00,-8.915200000000000458e+00,7.139899999999999913e+00,3.971291224729181391e+00,-3.739330000000000154e-01,9.526079992448730493e+00,-5.944300000000000139e+00,6.264499999999999957e+00,2.648538137180584506e+00,-8.529899999999999149e-01,-6.390799999999999592e+00,7.387800000000000367e+00,3.231606117660226207e+00,1.118149000000000060e+00,-2.554600000000000204e+00,2.230799999999999894e+00,1.185367559206426114e+00,5.174099999999999533e-02,1.455223355636515503e+00,-2.117300000000000182e+00,2.265200000000000102e+00,9.947635983991373054e-01,2.353000000000000577e-02,-2.049500000000000099e+00,2.422499999999999876e+00,9.478757794452815633e-01,-4.187100000000001931e-02,1.343999999999999950e+01,3.710000000000000142e+01,6.216937557190034269e+00,2.433289999999999864e+01,7.059725647643824709e-02,3.092999999999999972e+01,4.878000000000000114e+01,4.384540426316081430e+00,4.047950000000000870e+01,-1.468999999999999950e+01,1.564000000000000057e+01,7.495118061111512908e+00,3.605000000000000426e-01,3.246999999999999886e+01,2.115000000000000000e+02,4.994575758400306853e+01,1.044356000000000080e+02,4.723145035789183765e+01,5.359000000000000341e+01,8.053000000000000114e+01,6.327361752737076017e+00,7.145850000000000080e+01,-1.797500000000000000e+02,1.797899999999999920e+02,1.293138828637899849e+02,6.220129999999998915e+01,1.410039484954233160e+02
-1.191179999999999950e+01,6.869399999999999729e+00,3.744112738181236910e+00,-1.426232999999999640e+00,-1.853819999999999979e+01,-1.929400000000000004e+00,3.502719709094063383e+00,-1.001021800000000006e+01,-1.304749999999999943e+01,8.278200000000000003e+00,3.585584997849026401e+00,-1.147140000000000049e+00,-3.058899999999999952e+00,1.226199999999999957e+00,1.205263224154375257e+00,-1.110550999999999844e+00,1.017617487848027480e+01,-9.704700000000000770e+00,-7.987199999999999633e+00,3.311992287128701085e-01,-9.299690000000000012e+00,-5.674800000000000288e+00,2.004399999999999959e+00,2.026027355216113879e+00,-1.669045999999999808e+00,-8.365199999999999747e+00,6.768699999999999939e+00,3.679289981944342536e+00,-1.937420000000000253e-01,9.513320775093049519e+00,-7.103200000000000180e+00,6.068100000000000271e+00,3.235247171976045610e+00,-5.955390000000000406e-01,-6.206599999999999895e+00,1.000719999999999921e+01,3.602978876809992848e+00,8.466690000000000049e-01,-2.630399999999999849e+00,2.341400000000000148e+00,1.244316380313302828e+00,9.137800000000001477e-02,1.053114931356497141e+00,-2.008700000000000152e+00,2.467499999999999805e+00,1.041896653171992870e+00,5.889700000000000490e-02,-1.813600000000000101e+00,2.030800000000000161e+00,9.551234518113351779e-01,-3.019999999999999421e-02,9.169999999999999929e+00,2.998999999999999844e+01,6.097808888445094944e+00,1.927740000000000009e+01,1.128310041300706057e-01,2.973000000000000043e+01,5.117999999999999972e+01,4.543540245227283059e+00,4.238019999999999499e+01,-1.769999999999999929e+01,1.025000000000000000e+01,7.463420215290038406e+00,-3.811300000000000132e+00,3.162999999999999901e+01,1.969300000000000068e+02,5.399186269244653147e+01,9.589100000000000534e+01,4.671429663914464214e+01,5.453000000000000114e+01,8.173000000000000398e+01,5.416463805842331780e+00,7.243719999999999004e+01,-1.795800000000000125e+02,1.790399999999999920e+02,1.302349249402402052e+02,4.910409999999998831e+01,1.298208167500497723e+02
-7.828299999999999592e+00,7.240800000000000125e+00,3.326918135537903609e+00,-1.077473000000000125e+00,-1.942220000000000013e+01,-7.197999999999999954e-01,3.794356187088792520e+00,-9.790201000000001486e+00,-9.303100000000000591e+00,6.761899999999999800e+00,3.217294982056198904e+00,-6.437939999999998664e-01,-2.951299999999999812e+00,2.027499999999999858e+00,1.186956501880334303e+00,-7.596380000000000354e-01,9.870332030918008925e+00,-9.769099999999999895e+00,-7.712100000000000399e+00,4.983887272992838513e-01,-9.148450999999999667e+00,-6.056499999999999773e+00,1.099499999999999922e+00,1.963642591423143902e+00,-2.527056999999999665e+00,-1.192719999999999914e+01,6.457399999999999807e+00,4.024527322110138527e+00,-5.263830000000000453e-01,9.521408649548341430e+00,-7.301800000000000068e+00,1.499680000000000035e+01,3.680552484968934390e+00,-9.565329999999999666e-01,-7.501000000000000334e+00,1.321129999999999960e+01,3.790629172773828159e+00,1.532753999999999950e+00,-2.803199999999999914e+00,2.418800000000000061e+00,1.265975776884771253e+00,-3.892099999999997645e-02,1.881852615720476685e+00,-2.646599999999999842e+00,2.513799999999999812e+00,1.101619780141950944e+00,3.830000000000000765e-02,-2.198199999999999932e+00,1.889000000000000012e+00,9.146319318605709014e-01,-9.038899999999998325e-02,1.080000000000000071e+01,3.674000000000000199e+01,6.420950804982078708e+00,2.458740000000000236e+01,1.056025831218157102e-01,3.349000000000000199e+01,4.975000000000000000e+01,4.507710748262359068e+00,4.317589999999999151e+01,-2.032999999999999829e+01,1.308000000000000007e+01,8.070040601508768674e+00,-2.973699999999999566e+00,3.171000000000000085e+01,1.816200000000000045e+02,4.607590269316489184e+01,8.491490000000000293e+01,4.977490804873472996e+01,5.185000000000000142e+01,8.231999999999999318e+01,7.710645764785204470e+00,7.032330000000000325e+01,-1.796999999999999886e+02,1.794699999999999989e+02,1.410284191562466560e+02,4.847769999999999868e+01,1.204408326199632171e+02
-1.093270000000000053e+01,7.503000000000000114e+00,3.616915641708553508e+00,-4.217580000000000218e-01,-1.824540000000000006e+01,-1.584699999999999998e+00,3.576135775009108730e+00,-9.898410000000000153e+00,-1.055470000000000041e+01,1.108520000000000039e+01,3.824110093140494548e+00,-5.791789999999999994e-01,-3.048299999999999788e+00,2.351399999999999935e+00,1.273318968540090523e+00,-1.008340000000000070e-01,9.924305953199192842e+00,-9.795999999999999375e+00,-8.320800000000000196e+00,3.733295889693180603e-01,-9.395440000000000680e+00,-4.965700000000000003e+00,3.001300000000000079e+00,2.056600476702025837e+00,-1.376827000000000023e+00,-1.225680000000000014e+01,7.885900000000000354e+00,3.932214074622463862e+00,-8.887210000000002053e-01,9.496321018009288295e+00,-7.853200000000000180e+00,7.356799999999999784e+00,3.097370292921884261e+00,-7.046249999999999458e-01,-7.349800000000000111e+00,8.644299999999999429e+00,3.473351521383776674e+00,5.240989999999999815e-01,-2.594800000000000217e+00,2.764800000000000146e+00,1.240791645127819143e+00,1.080409999999999843e-01,1.249400323462020124e+00,-2.521300000000000097e+00,2.513799999999999812e+00,1.189914653249971588e+00,4.129100000000000825e-02,-2.033700000000000063e+00,2.322799999999999976e+00,1.005271259337995771e+00,-6.685699999999999976e-02,1.039000000000000057e+01,3.259000000000000341e+01,6.327105733271729981e+00,2.142520000000000024e+01,1.335951451625394526e-01,3.549000000000000199e+01,5.024000000000000199e+01,3.829969430687404586e+00,4.400959999999999184e+01,-1.428999999999999915e+01,1.246000000000000085e+01,7.276230015605608337e+00,-1.777400000000000091e+00,2.667999999999999972e+01,3.570199999999999818e+02,7.221991908635733637e+01,1.044654000000000025e+02,4.898002897059168248e+01,5.903999999999999915e+01,8.860999999999999943e+01,7.599612681577923468e+00,7.527530000000001564e+01,-1.799099999999999966e+02,1.794000000000000057e+02,1.349109652602041081e+02,-2.522160000000000224e+01,1.312079254230094421e+02
-8.336399999999999366e+00,7.468099999999999739e+00,3.476959203215361338e+00,-7.586239999999999650e-01,-1.870420000000000016e+01,-9.938000000000000167e-01,3.590100052562741784e+00,-1.000613300000000017e+01,-1.256780000000000008e+01,6.415000000000000036e+00,3.197272273076535942e+00,-9.770039999999997615e-01,-3.354900000000000215e+00,1.435799999999999965e+00,1.184939461951959760e+00,-1.028102999999999989e+00,1.008229858728063455e+01,-9.729499999999999815e+00,-8.143200000000000216e+00,4.138408857169623700e-01,-9.167602999999999724e+00,-5.439300000000000246e+00,1.108300000000000063e+00,1.860339846861051472e+00,-2.456059000000000214e+00,-7.786299999999999777e+00,7.251800000000000246e+00,3.765478426762129516e+00,8.963299999999994883e-02,9.546421651891296989e+00,-7.365300000000000402e+00,7.112400000000000055e+00,3.028820528869117457e+00,-9.040009999999998325e-01,-5.186700000000000088e+00,9.432800000000000296e+00,3.419561879838409979e+00,1.873765999999999599e+00,-2.792600000000000193e+00,1.828699999999999992e+00,1.243687550798431074e+00,4.816999999999980152e-03,2.082366659703807965e+00,-2.577900000000000080e+00,2.449199999999999822e+00,1.220461102565337796e+00,1.445499999999999043e-02,-2.039200000000000124e+00,1.764000000000000012e+00,9.431131109787413980e-01,-1.339899999999999980e-01,1.144999999999999929e+01,3.207000000000000028e+01,6.140957925275176699e+00,2.159759999999999636e+01,1.348535153935558339e-01,3.550000000000000000e+01,4.879999999999999716e+01,3.859923185764193132e+00,4.297499999999999432e+01,-1.339000000000000057e+01,1.233000000000000007e+01,6.862815984710649353e+00,-2.337399999999999700e+00,2.875000000000000000e+01,1.867700000000000102e+02,4.661130383018694801e+01,8.592649999999997590e+01,4.815361242440694411e+01,5.614000000000000057e+01,8.281000000000000227e+01,6.811866512931678663e+00,7.024809999999999377e+01,-1.797100000000000080e+02,1.796100000000000136e+02,1.300735914231247818e+02,6.497729999999999961e+01,1.286087418146604762e+02
