6.208199999999999719e+00,6.516600000000000392e+00,4.002083332465731363e-02,6.372209999999999930e+00,-1.823499999999999899e+00,-1.518799999999999928e+00,3.176126200263459931e-02,-1.658194000000000390e+00,-7.611500000000000377e+00,-7.419100000000000250e+00,3.485842647051064225e-02,-7.501947999999999617e+00,6.218099999999999739e+00,6.271099999999999675e+00,1.214662109395039415e-02,6.260086000000001150e+00,9.981677785845425532e+00,-1.667399999999999993e+00,-1.608500000000000041e+00,7.296695416419681467e-03,-1.630405999999999578e+00,-7.403800000000000381e+00,-7.361500000000000377e+00,9.975608803476613759e-03,-7.370426999999999396e+00,-1.185999999999999971e-01,7.969999999999999307e-02,2.667786458845610234e-02,6.290000000000001102e-04,9.806635234093343811e+00,-1.365999999999999992e-01,1.242000000000000048e-01,2.748643438134528230e-02,-1.525000000000000314e-03,-6.829999999999999960e-02,9.529999999999999583e-02,2.283250356399840753e-02,1.591000000000000183e-03,-3.490000000000000047e-02,2.850000000000000103e-02,6.178062074793357061e-03,-2.929999999999999662e-04,2.291843581049981139e-03,-4.549999999999999878e-02,4.479999999999999954e-02,8.255935804013981097e-03,-8.179999999999999338e-04,-2.549999999999999836e-02,5.319999999999999729e-02,7.645998953701210223e-03,6.100000000000000821e-04,-5.699999999999999512e-01,2.359999999999999876e+00,6.105020474986140311e-01,7.884999999999999787e-01,1.061636943592299482e-03,1.403999999999999915e+01,1.739999999999999858e+01,6.551256673341382397e-01,1.557059999999999889e+01,4.846999999999999886e+01,5.147999999999999687e+01,5.919577349777599418e-01,5.030020000000000380e+01,7.201999999999999602e+01,7.762000000000000455e+01,1.206663478356746255e+00,7.471749999999998693e+01,5.266094792775762556e+01,9.429999999999999716e+00,9.789999999999999147e+00,4.106324390498142241e-02,9.569100000000000605e+00,-1.399699999999999989e+02,-1.395699999999999932e+02,9.464982831468642110e-02,-1.396570999999999856e+02,1.586769613443299818e+02
6.217200000000000060e+00,6.509199999999999875e+00,4.643155732904075822e-02,6.340278000000000524e+00,-1.778100000000000014e+00,-1.539400000000000102e+00,4.236366131485804626e-02,-1.650920000000000165e+00,-7.671199999999999797e+00,-7.428799999999999848e+00,4.186964546064364523e-02,-7.543267000000001943e+00,6.197499999999999787e+00,6.262800000000000367e+00,1.066285440208204240e-02,6.220043999999998796e+00,9.991273141946074077e+00,-1.656900000000000039e+00,-1.570799999999999974e+00,1.760775042417400682e-02,-1.616604999999999848e+00,-7.424999999999999822e+00,-7.368800000000000239e+00,8.399607788462520874e-03,-7.407266999999998269e+00,-1.190999999999999975e-01,1.366999999999999882e-01,4.235523668922178825e-02,2.815000000000000661e-03,9.806628548958606473e+00,-9.729999999999999760e-02,1.063999999999999946e-01,3.234938973149262265e-02,-2.627999999999999260e-03,-8.830000000000000349e-02,9.610000000000000486e-02,2.973228243845399757e-02,4.909000000000001036e-03,-2.440000000000000155e-02,3.039999999999999994e-02,7.810893098743574257e-03,2.430000000000000790e-04,6.239302044299505426e-03,-2.759999999999999953e-02,2.350000000000000006e-02,8.185067562335696101e-03,-1.786999999999999743e-03,-2.510000000000000078e-02,1.609999999999999973e-02,7.087428588705497329e-03,-1.666000000000000163e-03,-9.899999999999999911e-01,2.350000000000000089e+00,6.271052543233870402e-01,7.670000000000000151e-01,2.455193271414695452e-03,1.338000000000000078e+01,1.676000000000000156e+01,6.908723181601647001e-01,1.511119999999999841e+01,4.878999999999999915e+01,5.186999999999999744e+01,5.551684068820922358e-01,5.030980000000000274e+01,7.178000000000000114e+01,7.876999999999999602e+01,1.275070978416495526e+00,7.531999999999999318e+01,5.253582235465624706e+01,9.220000000000000639e+00,9.679999999999999716e+00,1.036395677335639337e-01,9.487800000000000011e+00,-1.401399999999999864e+02,-1.396399999999999864e+02,8.112083579451162541e-02,-1.399771000000000072e+02,1.592379014972566154e+02
6.145299999999999763e+00,6.476300000000000168e+00,6.203852396696749733e-02,6.391212000000001225e+00,-1.879699999999999926e+00,-1.519099999999999895e+00,5.918418858952110423e-02,-1.615089000000000441e+00,-7.662399999999999878e+00,-7.403500000000000192e+00,5.146259939023674346e-02,-7.504292000000001295e+00,6.186700000000000088e+00,6.325199999999999712e+00,4.456574357059469443e-02,6.272149999999998116e+00,9.988518495158778876e+00,-1.733800000000000008e+00,-1.535700000000000065e+00,4.784795067711886812e-02,-1.582395999999999692e+00,-7.430799999999999628e+00,-7.334399999999999586e+00,2.917599006032185055e-02,-7.370301999999998799e+00,-1.212000000000000022e-01,1.204999999999999960e-01,3.846323536833582551e-02,1.895000000000000634e-03,9.806385383744613549e+00,-7.770000000000000517e-02,1.154000000000000026e-01,2.840823843535533050e-02,-1.416999999999999423e-03,-9.760000000000000620e-02,6.669999999999999540e-02,3.033104038769524405e-02,2.432999999999999833e-03,-4.250000000000000305e-02,3.320000000000000034e-02,9.246575798640273638e-03,2.940000000000000447e-04,3.393877281222760361e-03,-2.920000000000000026e-02,3.379999999999999671e-02,8.464313971019741395e-03,-1.329999999999998447e-04,-3.939999999999999752e-02,4.649999999999999967e-02,1.252611268510706033e-02,-2.298999999999998961e-03,-7.700000000000000178e-01,2.080000000000000071e+00,5.742050504828393187e-01,5.984000000000000430e-01,2.321535267877702230e-03,1.368999999999999950e+01,1.639999999999999858e+01,6.157101509639092418e-01,1.517489999999999739e+01,4.915999999999999659e+01,5.217000000000000171e+01,6.235922626203761476e-01,5.033630000000000138e+01,7.301000000000000512e+01,7.798000000000000398e+01,1.066449600309362866e+00,7.502850000000000819e+01,5.257735986391860905e+01,9.009999999999999787e+00,1.016000000000000014e+01,2.805466806077020481e-01,9.286599999999998190e+00,-1.402199999999999989e+02,-1.392299999999999898e+02,3.142689930616767713e-01,-1.396069999999999993e+02,1.587628142885165232e+02
6.315800000000000303e+00,6.511599999999999611e+00,2.752987212102517289e-02,6.442128999999998662e+00,-1.639899999999999913e+00,-1.489400000000000057e+00,2.736607527578625507e-02,-1.563917999999999919e+00,-7.549999999999999822e+00,-7.399700000000000166e+00,2.841526350396911607e-02,-7.467500000000000249e+00,6.310900000000000176e+00,6.337500000000000355e+00,6.413761065085004688e-03,6.326412999999999620e+00,9.985510593523247991e+00,-1.554599999999999982e+00,-1.498899999999999899e+00,1.589603154878600419e-02,-1.531559000000000115e+00,-7.347100000000000186e+00,-7.324900000000000411e+00,4.403791434661710920e-03,-7.334910999999999959e+00,-7.480000000000000537e-02,5.729999999999999677e-02,1.871629287546013737e-02,-3.090000000000000841e-04,9.806635192305817483e+00,-5.829999999999999766e-02,4.390000000000000152e-02,1.858028985242157066e-02,-3.423000000000000695e-03,-5.090000000000000080e-02,5.890000000000000097e-02,2.007687386024029422e-02,-7.439999999999999782e-04,-7.400000000000000328e-03,8.300000000000000086e-03,3.019880130071391118e-03,-4.180000000000000230e-04,3.516524704875537751e-03,-1.039999999999999952e-02,1.110000000000000049e-02,3.548024238925094869e-03,1.179999999999999273e-04,-1.050000000000000065e-02,6.899999999999999883e-03,3.115826696079228037e-03,-6.319999999999999663e-04,-1.719999999999999973e+00,2.310000000000000053e+00,6.709689933223442759e-01,3.219000000000000750e-01,7.668585267179338447e-04,1.389000000000000057e+01,1.651000000000000156e+01,5.348618139295419072e-01,1.521780000000000044e+01,4.863000000000000256e+01,5.259000000000000341e+01,6.082316252876042162e-01,5.026230000000000331e+01,7.170000000000000284e+01,7.671999999999999886e+01,9.500306258221359323e-01,7.465089999999999293e+01,5.251651033475091168e+01,8.789999999999999147e+00,9.119999999999999218e+00,9.198173731779581141e-02,8.984400000000000830e+00,-1.393499999999999943e+02,-1.391500000000000057e+02,4.326788647484608452e-02,-1.392217000000000269e+02,1.582281835358670037e+02
6.383300000000000196e+00,6.520299999999999763e+00,2.749393887750533130e-02,6.446744999999999948e+00,-1.643599999999999950e+00,-1.486299999999999955e+00,2.777367415377374540e-02,-1.553767999999999816e+00,-7.539399999999999658e+00,-7.389700000000000379e+00,2.963188382469126442e-02,-7.473569000000001239e+00,6.306600000000000428e+00,6.339699999999999669e+00,6.025814135865749203e-03,6.326642000000000543e+00,9.991443824123217965e+00,-1.536200000000000010e+00,-1.504499999999999948e+00,6.367374576699569473e-03,-1.515778999999999987e+00,-7.354400000000000048e+00,-7.328100000000000058e+00,4.748322230009236616e-03,-7.338006000000000029e+00,-5.510000000000000314e-02,6.210000000000000242e-02,1.849760987262949116e-02,-5.770000000000000389e-04,9.806646574086421708e+00,-7.019999999999999851e-02,7.109999999999999654e-02,2.045700884782523585e-02,-5.183000000000000107e-03,-5.059999999999999915e-02,5.639999999999999875e-02,2.035056618376992685e-02,1.315999999999999896e-03,-7.100000000000000408e-03,6.799999999999999621e-03,2.890219887828606067e-03,-6.730000000000000955e-04,5.378501092311871630e-03,-1.030000000000000013e-02,1.299999999999999940e-02,3.795135834196188516e-03,-3.119999999999999401e-04,-1.039999999999999952e-02,8.000000000000000167e-03,3.156212128485663335e-03,-1.115000000000000106e-03,-1.260000000000000009e+00,1.969999999999999973e+00,6.035579839584594986e-01,2.275999999999999690e-01,1.339215441965929503e-03,1.366000000000000014e+01,1.614999999999999858e+01,5.322851115708572278e-01,1.492160000000000153e+01,4.854999999999999716e+01,5.160000000000000142e+01,6.092027905385853925e-01,5.001139999999999475e+01,7.229000000000000625e+01,7.687999999999999545e+01,1.085635938056584981e+00,7.480189999999998918e+01,5.219047880868694023e+01,8.830000000000000071e+00,9.009999999999999787e+00,3.869108424430631188e-02,8.892999999999998906e+00,-1.393799999999999955e+02,-1.391500000000000057e+02,4.493061317186900633e-02,-1.392318000000000211e+02,1.583032021907643241e+02
6.293300000000000338e+00,6.627799999999999692e+00,5.001141085792318308e-02,6.397871999999999559e+00,-1.830600000000000005e+00,-1.487500000000000044e+00,5.281789252705941518e-02,-1.612122999999999973e+00,-7.682900000000000063e+00,-7.394199999999999662e+00,3.912472364119651269e-02,-7.503419999999998424e+00,6.249900000000000233e+00,6.326999999999999957e+00,1.574106333765287746e-02,6.283045000000000435e+00,9.991647431325475281e+00,-1.630900000000000016e+00,-1.515800000000000036e+00,3.249424927583341449e-02,-1.578658000000000339e+00,-7.386700000000000266e+00,-7.335799999999999876e+00,1.023887000601141593e-02,-7.362070999999999366e+00,-9.039999999999999425e-02,9.059999999999999998e-02,2.848283693735580158e-02,-2.660000000000001339e-03,9.806574578415748533e+00,-9.790000000000000091e-02,1.184999999999999942e-01,2.869522557848256522e-02,-2.127000000000000418e-03,-5.630000000000000282e-02,8.219999999999999529e-02,2.686733129657651806e-02,1.030000000000001455e-04,-4.420000000000000318e-02,4.220000000000000140e-02,9.152463001837266021e-03,3.899999999999988410e-05,3.407394605853570225e-03,-2.879999999999999921e-02,4.130000000000000338e-02,9.054233043168260706e-03,6.080000000000000335e-04,-1.750000000000000167e-02,2.009999999999999981e-02,5.484663253108616396e-03,3.699999999999990325e-05,-1.320000000000000062e+00,2.209999999999999964e+00,6.037371199454278914e-01,4.443000000000000838e-01,6.103720177072337674e-04,1.351999999999999957e+01,1.655000000000000071e+01,6.689665088776867163e-01,1.509590000000000209e+01,4.886999999999999744e+01,5.177000000000000313e+01,6.155808963897435593e-01,5.008959999999999724e+01,7.148999999999999488e+01,7.787000000000000455e+01,1.117398098262208705e+00,7.492429999999998813e+01,5.231683885194135541e+01,8.890000000000000568e+00,9.580000000000000071e+00,1.931371533392786943e-01,9.259800000000002029e+00,-1.397700000000000102e+02,-1.392199999999999989e+02,1.126454171282621070e-01,-1.395198999999999785e+02,1.586354220296967412e+02
6.145400000000000418e+00,6.697300000000000253e+00,8.577668249005672430e-02,6.398470999999999798e+00,-1.750000000000000000e+00,-1.384300000000000086e+00,5.364222973553578466e-02,-1.547433000000000280e+00,-7.667500000000000426e+00,-7.320100000000000051e+00,6.239924986728605932e-02,-7.520404000000000977e+00,6.208199999999999719e+00,6.378199999999999648e+00,3.644096052521120926e-02,6.275013999999998759e+00,9.994571344012010528e+00,-1.596100000000000074e+00,-1.471400000000000041e+00,3.329876362569637871e-02,-1.513428999999999913e+00,-7.436899999999999622e+00,-7.299800000000000288e+00,2.899429135191956483e-02,-7.382463000000000442e+00,-2.227999999999999980e-01,2.281999999999999862e-01,6.755489444888505834e-02,2.805999999999999467e-03,9.806478877997237831e+00,-7.069999999999999896e-02,1.076000000000000012e-01,3.149816215273520265e-02,-2.608999999999999774e-03,-1.125000000000000028e-01,1.371999999999999886e-01,4.416808349928712241e-02,1.600000000000000944e-03,-3.379999999999999671e-02,3.269999999999999990e-02,1.150549625179201133e-02,-1.065999999999999890e-03,4.152170155472919427e-03,-3.400000000000000244e-02,4.370000000000000273e-02,1.315437098458151211e-02,8.180000000000003674e-04,-4.009999999999999676e-02,3.230000000000000232e-02,9.807519360164423244e-03,-1.758000000000000014e-03,-1.080000000000000071e+00,2.109999999999999876e+00,6.446308943884089260e-01,3.401000000000000689e-01,2.212700612373938620e-03,1.319999999999999929e+01,1.651000000000000156e+01,6.391802249757106980e-01,1.482079999999999842e+01,4.867000000000000171e+01,5.174000000000000199e+01,5.814918400115343111e-01,5.025819999999999510e+01,7.146999999999999886e+01,7.773000000000000398e+01,1.156755185853947321e+00,7.494880000000000564e+01,5.239903098235691914e+01,8.630000000000000782e+00,9.330000000000000071e+00,1.955274661013127746e-01,8.879900000000001015e+00,-1.401399999999999864e+02,-1.389600000000000080e+02,2.665909788421207960e-01,-1.396405000000000030e+02,1.587313594904926504e+02
6.305500000000000327e+00,6.603500000000000369e+00,4.323569358759037778e-02,6.435179999999999012e+00,-1.662199999999999900e+00,-1.441100000000000048e+00,3.813935363899079167e-02,-1.536651999999999907e+00,-7.590799999999999770e+00,-7.394000000000000128e+00,3.414864464367512592e-02,-7.487486999999999782e+00,6.277099999999999902e+00,6.357599999999999696e+00,1.338871356777787333e-02,6.314406999999999215e+00,9.991761735383454024e+00,-1.554200000000000026e+00,-1.463100000000000067e+00,2.317424613660603455e-02,-1.508853999999999695e+00,-7.380399999999999849e+00,-7.310399999999999565e+00,1.182456493914255634e-02,-7.349908000000000108e+00,-9.919999999999999651e-02,8.939999999999999336e-02,2.990888724108605248e-02,-3.920000000000005294e-04,9.806606128698602376e+00,-9.840000000000000135e-02,5.790000000000000008e-02,2.656726978821873780e-02,-4.760000000000005655e-04,-7.399999999999999634e-02,8.129999999999999727e-02,2.585951206036184516e-02,-1.493999999999999669e-03,-1.779999999999999985e-02,1.969999999999999876e-02,5.725268465321080649e-03,4.900000000000001875e-05,1.616253692957884220e-03,-2.709999999999999909e-02,5.050000000000000322e-02,9.514834470446662321e-03,2.500000000000018755e-05,-1.209999999999999964e-02,2.589999999999999941e-02,6.563427762990919727e-03,4.960000000000000216e-04,-1.270000000000000018e+00,2.629999999999999893e+00,6.635638627894078212e-01,2.989999999999999325e-01,4.990410804733415133e-04,1.382000000000000028e+01,1.689000000000000057e+01,6.258400434615862817e-01,1.500679999999999836e+01,4.860999999999999943e+01,5.172999999999999687e+01,5.728324275038906288e-01,5.016489999999999583e+01,7.067000000000000171e+01,7.676999999999999602e+01,1.143161860805371077e+00,7.472639999999999816e+01,5.236230169931415901e+01,8.580000000000000071e+00,9.119999999999999218e+00,1.390238828403235205e-01,8.850600000000000023e+00,-1.396100000000000136e+02,-1.389900000000000091e+02,1.055746181617535501e-01,-1.393359999999999559e+02,1.583568403111150928e+02
6.147100000000000009e+00,6.595500000000000362e+00,5.561340248537219311e-02,6.429491999999999763e+00,-1.851199999999999957e+00,-1.249800000000000022e+00,8.810756380697401524e-02,-1.514560000000000128e+00,-7.713499999999999801e+00,-7.401200000000000223e+00,4.003125623809473954e-02,-7.492418000000001577e+00,6.232999999999999652e+00,6.371800000000000352e+00,2.105968306979003751e-02,6.312943000000000637e+00,9.988422641157514548e+00,-1.586799999999999988e+00,-1.344799999999999995e+00,7.780163028497540101e-02,-1.486384999999999623e+00,-7.404200000000000337e+00,-7.325099999999999945e+00,1.252627937577635228e-02,-7.355345000000000688e+00,-1.963000000000000023e-01,1.353999999999999926e-01,5.207226781118717840e-02,-1.234999999999999336e-03,9.806308671385938425e+00,-8.190000000000000058e-02,1.121000000000000052e-01,2.857007532366689570e-02,-2.140000000000002957e-04,-1.787999999999999867e-01,8.830000000000000349e-02,3.401848431367864023e-02,-1.005000000000000251e-03,-3.300000000000000155e-02,2.259999999999999856e-02,7.588982540499088388e-03,-1.312000000000000015e-03,1.606563413003045913e-03,-5.260000000000000092e-02,2.949999999999999845e-02,1.193562210360230892e-02,-6.350000000000002561e-04,-4.800000000000000100e-02,6.840000000000000246e-02,1.264147977888664849e-02,-8.669999999999998238e-04,-1.040000000000000036e+00,1.489999999999999991e+00,5.361100633265524218e-01,1.779999999999999638e-01,1.695953419171646872e-03,1.264000000000000057e+01,1.605000000000000071e+01,6.942583020749554246e-01,1.471790000000000198e+01,4.820000000000000284e+01,5.185999999999999943e+01,6.415601218903808078e-01,5.022810000000000485e+01,7.184000000000000341e+01,7.801999999999999602e+01,1.223702623189147021e+00,7.500170000000001380e+01,5.234033142825904150e+01,7.879999999999999893e+00,9.310000000000000497e+00,4.571691590647821157e-01,8.719400000000000261e+00,-1.397899999999999920e+02,-1.390099999999999909e+02,1.149937389599966081e-01,-1.393561999999999728e+02,1.584974240096349831e+02
6.152300000000000324e+00,6.744699999999999918e+00,7.890971597338310162e-02,6.396435000000000315e+00,-1.802000000000000046e+00,-1.335099999999999953e+00,8.999293025565952009e-02,-1.557152000000000092e+00,-7.671499999999999986e+00,-7.403500000000000192e+00,4.991827296692062654e-02,-7.520068000000001085e+00,6.199300000000000033e+00,6.331500000000000128e+00,2.919260993813329458e-02,6.272434999999998873e+00,9.994524790351619004e+00,-1.639000000000000012e+00,-1.375000000000000000e+00,7.872255524308138797e-02,-1.524835999999999858e+00,-7.443399999999999572e+00,-7.328800000000000203e+00,2.105282698356686008e-02,-7.382026000000000643e+00,-2.137999999999999901e-01,2.829999999999999738e-01,6.302205400492751075e-02,3.452999999999999473e-03,9.806267053308154402e+00,-1.084999999999999992e-01,7.639999999999999569e-02,3.204526542252381094e-02,1.419999999999997382e-04,-1.032000000000000001e-01,1.029000000000000054e-01,3.387616228264352797e-02,2.827000000000001387e-03,-3.549999999999999684e-02,4.089999999999999886e-02,1.071603336127692312e-02,1.277000000000000140e-03,4.464896639341163660e-03,-5.480000000000000149e-02,3.780000000000000027e-02,1.186214550576749488e-02,-1.047999999999999670e-03,-4.250000000000000305e-02,4.460000000000000075e-02,1.049091721442886940e-02,1.983999999999999653e-03,-1.159999999999999920e+00,2.270000000000000018e+00,6.585697457369265040e-01,4.883000000000000673e-01,2.581722099684628010e-03,1.307000000000000028e+01,1.707000000000000028e+01,6.871557610905986158e-01,1.486640000000000406e+01,4.845000000000000284e+01,5.197999999999999687e+01,6.252044785508179547e-01,5.018560000000000088e+01,7.273000000000000398e+01,7.782999999999999829e+01,1.146376774886860517e+00,7.506729999999998881e+01,5.234350707786019541e+01,8.060000000000000497e+00,9.619999999999999218e+00,4.652541670957928144e-01,8.941600000000002879e+00,-1.402100000000000080e+02,-1.392500000000000000e+02,2.025493520108118950e-01,-1.396424000000000376e+02,1.587924797262451762e+02
6.347000000000000419e+00,6.543700000000000294e+00,3.260781702291644379e-02,6.409937000000001994e+00,-1.727300000000000058e+00,-1.510599999999999943e+00,3.654820120060630478e-02,-1.652117000000000058e+00,-7.556499999999999773e+00,-7.415000000000000036e+00,3.246578338805334446e-02,-7.478297000000000416e+00,6.263200000000000323e+00,6.332699999999999996e+00,1.615841935338971358e-02,6.294077999999999840e+00,9.987077097222543998e+00,-1.656199999999999894e+00,-1.579800000000000093e+00,1.883484706601038991e-02,-1.628343999999999792e+00,-7.364499999999999602e+00,-7.317599999999999660e+00,1.300383020498190392e-02,-7.341840000000001254e+00,-6.650000000000000355e-02,8.590000000000000413e-02,2.270649992843458767e-02,1.031000000000000449e-03,9.806606785122980341e+00,-6.819999999999999674e-02,7.420000000000000207e-02,2.242422107900294073e-02,4.302999999999998666e-03,-5.809999999999999887e-02,6.180000000000000077e-02,2.081612461530723754e-02,1.733999999999999431e-03,-1.420000000000000082e-02,1.490000000000000005e-02,4.423450689224420369e-03,-3.779999999999999181e-04,4.752423171393726879e-03,-1.359999999999999924e-02,1.119999999999999989e-02,4.609926138236923945e-03,-1.409999999999999578e-04,-1.559999999999999928e-02,2.040000000000000147e-02,6.287735999547054526e-03,1.724000000000000272e-03,-1.510000000000000009e+00,2.109999999999999876e+00,6.753770724565648642e-01,4.059000000000000941e-01,1.770576459800593050e-03,1.406000000000000050e+01,1.737000000000000099e+01,5.819612615973678293e-01,1.556470000000000198e+01,4.792999999999999972e+01,5.135999999999999943e+01,5.981656208776964245e-01,4.997169999999999135e+01,7.118000000000000682e+01,7.684000000000000341e+01,1.043654823205450555e+00,7.457309999999998240e+01,5.234114482689503234e+01,9.310000000000000497e+00,9.720000000000000639e+00,1.100965031233961805e-01,9.557400000000001228e+00,-1.396100000000000136e+02,-1.391299999999999955e+02,1.223239960105968888e-01,-1.393922000000000025e+02,1.583751134465575774e+02
6.187599999999999767e+00,6.605400000000000382e+00,5.134016454979475896e-02,6.393548000000000897e+00,-1.749800000000000022e+00,-1.573900000000000077e+00,2.896859145695557941e-02,-1.669096999999999831e+00,-7.686300000000000132e+00,-7.320199999999999818e+00,4.558007674412142135e-02,-7.487697999999998189e+00,6.213499999999999801e+00,6.303399999999999892e+00,1.286048875432036810e-02,6.277173000000000336e+00,9.986438912991808081e+00,-1.672800000000000065e+00,-1.620200000000000085e+00,1.407281833891135987e-02,-1.643227999999999911e+00,-7.409699999999999953e+00,-7.328899999999999970e+00,1.125921538118885429e-02,-7.353013000000000687e+00,-1.534999999999999976e-01,1.975000000000000089e-01,4.522243407867383019e-02,6.159999999999993606e-04,9.806625276316106365e+00,-4.950000000000000233e-02,6.800000000000000488e-02,1.834010588846203896e-02,7.445999999999999494e-03,-1.164000000000000035e-01,1.398000000000000076e-01,3.263530693895800444e-02,-1.020999999999999772e-03,-2.900000000000000147e-02,3.389999999999999958e-02,6.206488459668639546e-03,4.989999999999998777e-04,7.540876142730367632e-03,-3.350000000000000200e-02,3.780000000000000027e-02,7.888005831640846482e-03,2.579999999999997660e-04,-2.920000000000000026e-02,3.450000000000000289e-02,6.264402525381011777e-03,1.018999999999999941e-03,-7.600000000000000089e-01,2.009999999999999787e+00,5.939029802922358714e-01,6.794999999999999929e-01,1.163583258731407111e-03,1.391999999999999993e+01,1.707999999999999829e+01,6.247677568504955703e-01,1.556749999999999723e+01,4.854999999999999716e+01,5.131000000000000227e+01,5.722468960160465024e-01,4.994930000000000092e+01,7.195999999999999375e+01,7.709000000000000341e+01,1.185549341022970271e+00,7.461739999999998929e+01,5.232343019135883821e+01,9.509999999999999787e+00,9.820000000000000284e+00,8.359928229356997087e-02,9.644600000000000506e+00,-1.400200000000000102e+02,-1.393400000000000034e+02,1.018357010090275294e-01,-1.395157000000000096e+02,1.585099531209633028e+02
6.261700000000000266e+00,6.524200000000000443e+00,3.199295977242494482e-02,6.391824999999998980e+00,-1.773600000000000065e+00,-1.586600000000000010e+00,3.040602142668455757e-02,-1.665419000000000205e+00,-7.559599999999999653e+00,-7.424199999999999910e+00,3.037281802862553531e-02,-7.486555000000000959e+00,6.259999999999999787e+00,6.299400000000000333e+00,6.718846329542007070e-03,6.280248000000000275e+00,9.983864634709895824e+00,-1.662300000000000111e+00,-1.610899999999999999e+00,9.718673726388810802e-03,-1.640509000000000217e+00,-7.365599999999999703e+00,-7.336599999999999788e+00,5.762521236403404280e-03,-7.351006999999999181e+00,-6.110000000000000153e-02,1.150999999999999940e-01,2.158081889085768437e-02,5.840000000000001006e-04,9.806634929201448969e+00,-6.729999999999999871e-02,5.809999999999999887e-02,2.038669887451129148e-02,1.997000000000000077e-03,-6.310000000000000331e-02,9.700000000000000289e-02,2.167133599942560121e-02,-1.313999999999999847e-03,-1.340000000000000045e-02,1.609999999999999973e-02,4.672624423169488388e-03,3.590000000000001068e-04,2.460825268075732871e-03,-2.350000000000000006e-02,2.510000000000000078e-02,5.239303293377851369e-03,-1.489999999999998270e-04,-1.159999999999999920e-02,1.510000000000000057e-02,4.133343803750178652e-03,8.700000000000002762e-05,-6.099999999999999867e-01,2.299999999999999822e+00,6.303609759494951392e-01,6.552000000000000046e-01,3.983101806381558817e-04,1.416000000000000014e+01,1.692000000000000171e+01,5.726693548636945241e-01,1.548589999999999911e+01,4.840999999999999659e+01,5.110999999999999943e+01,5.666664892156587641e-01,4.996530000000000626e+01,7.229999999999999716e+01,7.715999999999999659e+01,1.077575403394119835e+00,7.485649999999998272e+01,5.231418153751428690e+01,9.449999999999999289e+00,9.789999999999999147e+00,6.065278229397230714e-02,9.631800000000000139e+00,-1.396399999999999864e+02,-1.393899999999999864e+02,5.202797324517034749e-02,-1.394946999999999662e+02,1.586034000000630044e+02
6.359200000000000408e+00,6.448500000000000121e+00,1.973160297593685997e-02,6.400838000000000250e+00,-1.701100000000000056e+00,-1.616000000000000103e+00,1.638257318005935034e-02,-1.659436000000000355e+00,-7.574099999999999611e+00,-7.415799999999999947e+00,2.723378497381513663e-02,-7.485634000000000121e+00,6.272499999999999964e+00,6.291400000000000325e+00,3.939564823682953007e-03,6.283772999999999165e+00,9.987951307565332115e+00,-1.639399999999999968e+00,-1.622800000000000020e+00,4.237562506913604247e-03,-1.630508000000000068e+00,-7.359200000000000408e+00,-7.343899999999999650e+00,3.170990223889051662e-03,-7.350239000000000189e+00,-3.320000000000000034e-02,3.259999999999999704e-02,1.175979672443363232e-02,2.891000000000000340e-03,9.806649418160821696e+00,-3.810000000000000192e-02,4.209999999999999853e-02,1.451092316153593416e-02,2.102999999999999401e-03,-3.259999999999999704e-02,3.649999999999999772e-02,1.593970297715738629e-02,2.563000000000001041e-03,-4.599999999999999922e-03,4.700000000000000185e-03,2.043300026917241503e-03,2.500000000000000797e-05,4.398801995998456379e-03,-4.599999999999999922e-03,3.599999999999999901e-03,1.449939309074693705e-03,-4.739999999999999747e-04,-2.500000000000000052e-03,4.300000000000000003e-03,1.600460871124314340e-03,5.450000000000000200e-04,-1.040000000000000036e+00,2.310000000000000053e+00,6.146836584780824841e-01,5.060000000000001164e-01,7.227212464014047674e-04,1.400000000000000000e+01,1.710000000000000142e+01,6.075011440318446310e-01,1.545059999999999789e+01,4.807999999999999829e+01,5.167999999999999972e+01,5.977261831307041362e-01,4.996790000000000020e+01,7.184999999999999432e+01,7.721999999999999886e+01,1.164208297513808832e+00,7.480519999999998504e+01,5.230457061070282521e+01,9.529999999999999361e+00,9.619999999999999218e+00,2.570038910211269734e-02,9.570700000000002206e+00,-1.395500000000000114e+02,-1.394199999999999875e+02,3.061029238671462982e-02,-1.394750999999999976e+02,1.585582535396375476e+02
6.208099999999999952e+00,6.534799999999999720e+00,5.263687014821449850e-02,6.399048999999999765e+00,-1.726499999999999924e+00,-1.386200000000000099e+00,9.932264342031980886e-02,-1.580652000000000390e+00,-7.597199999999999953e+00,-7.394199999999999662e+00,3.961982759932205361e-02,-7.507781000000001370e+00,6.216099999999999959e+00,6.314000000000000057e+00,2.521830557353129873e-02,6.276708000000000176e+00,9.990648847470618321e+00,-1.655899999999999928e+00,-1.383599999999999941e+00,1.024127730070814729e-01,-1.549055000000000071e+00,-7.420099999999999696e+00,-7.344899999999999984e+00,2.334406596974915316e-02,-7.373072000000000514e+00,-1.305999999999999939e-01,1.340999999999999970e-01,3.615124401732255910e-02,5.234000000000000805e-03,9.806060647756215332e+00,-5.589999999999999830e-02,5.310000000000000137e-02,2.334553942405272545e-02,-3.833000000000000903e-03,-5.949999999999999734e-02,6.429999999999999605e-02,2.470507470136449821e-02,2.977999999999999745e-03,-2.220000000000000098e-02,1.030000000000000013e-02,5.464235994171554554e-03,-2.125000000000000153e-03,7.138286138843132067e-03,-4.050000000000000128e-02,2.719999999999999848e-02,9.701833022681847704e-03,-1.706000000000000051e-03,-3.719999999999999696e-02,2.989999999999999949e-02,9.527951721120336837e-03,-2.544000000000000254e-03,-6.400000000000000133e-01,2.069999999999999840e+00,6.006071178399403632e-01,5.653000000000001357e-01,3.728001743561823542e-03,1.291000000000000014e+01,1.671999999999999886e+01,7.717258256660846083e-01,1.496249999999999858e+01,4.831000000000000227e+01,5.171999999999999886e+01,6.461421205895805375e-01,5.001060000000000372e+01,7.162000000000000455e+01,7.854000000000000625e+01,1.199023502688751019e+00,7.488920000000000243e+01,5.220398531434166500e+01,8.119999999999999218e+00,9.720000000000000639e+00,6.039536406049723638e-01,9.094000000000001194e+00,-1.400300000000000011e+02,-1.394199999999999875e+02,1.757254677045971547e-01,-1.395883999999999787e+02,1.586695135405664985e+02
6.197700000000000209e+00,6.627699999999999925e+00,7.537424792991304079e-02,6.379842999999998376e+00,-1.727000000000000091e+00,-1.360800000000000010e+00,8.905704586948749724e-02,-1.533308999999999811e+00,-7.675600000000000200e+00,-7.427100000000000257e+00,5.241644279231470055e-02,-7.540924999999999656e+00,6.130700000000000038e+00,6.354499999999999815e+00,5.355972613820946665e-02,6.250744000000000078e+00,9.995948331686939525e+00,-1.645899999999999919e+00,-1.367299999999999960e+00,7.921165570798277544e-02,-1.489239999999999675e+00,-7.474999999999999645e+00,-7.343200000000000394e+00,3.124691784800541494e-02,-7.407475000000000698e+00,-1.184000000000000052e-01,1.330999999999999961e-01,3.873212878218805499e-02,9.940000000000000918e-03,9.806136966551150635e+00,-1.044000000000000067e-01,4.660000000000000253e-02,2.843453752041696231e-02,-1.492600000000000003e-02,-5.759999999999999842e-02,1.179999999999999938e-01,2.790040859915854723e-02,1.337999999999999780e-02,-3.790000000000000313e-02,1.859999999999999848e-02,7.723359049014878915e-03,-8.249999999999998871e-04,2.237439331021066902e-02,-5.160000000000000003e-02,4.009999999999999676e-02,1.369825536336653597e-02,-3.139999999999999562e-03,-5.170000000000000290e-02,4.329999999999999821e-02,1.619543812312590481e-02,-1.727999999999999719e-03,-1.250000000000000000e+00,1.959999999999999964e+00,7.211894064668449289e-01,4.528000000000000358e-01,3.677799477948735102e-03,1.300999999999999979e+01,1.589000000000000057e+01,5.439418627022561958e-01,1.446450000000000102e+01,4.875000000000000000e+01,5.207000000000000028e+01,6.091342955375276258e-01,5.031209999999999383e+01,7.339000000000000057e+01,7.756999999999999318e+01,9.637649661613563179e-01,7.556470000000000198e+01,5.235202187595049850e+01,8.009999999999999787e+00,9.660000000000000142e+00,4.721207472670525540e-01,8.727999999999999758e+00,-1.406399999999999864e+02,-1.391299999999999955e+02,3.598930396659549280e-01,-1.398390000000000271e+02,1.591890316293494152e+02
6.237000000000000099e+00,6.703899999999999970e+00,4.990802139937024900e-02,6.400880000000000791e+00,-1.647499999999999964e+00,-1.470299999999999940e+00,3.045836914544178264e-02,-1.550507000000000080e+00,-7.641799999999999926e+00,-7.440199999999999925e+00,3.122820038042538326e-02,-7.520849000000001006e+00,6.236600000000000144e+00,6.295499999999999652e+00,9.602249944674390997e-03,6.269886000000001403e+00,9.996924847784443457e+00,-1.532200000000000006e+00,-1.490199999999999969e+00,8.054402522844273521e-03,-1.506480000000000041e+00,-7.414299999999999891e+00,-7.365999999999999659e+00,7.397019061757214263e-03,-7.388452999999999271e+00,-1.632000000000000117e-01,1.965999999999999970e-01,3.137723856555895557e-02,9.049999999999997283e-03,9.806640106407746416e+00,-7.979999999999999594e-02,1.160999999999999949e-01,2.460962159400261959e-02,-1.195500000000000035e-02,-4.519999999999999712e-02,7.459999999999999964e-02,2.264565854639691983e-02,1.110699999999999882e-02,-1.159999999999999920e-02,1.959999999999999937e-02,4.397007505110721130e-03,-1.005000000000000034e-03,1.865984924912309634e-02,-3.459999999999999881e-02,2.299999999999999961e-02,6.666787757233614761e-03,-2.370999999999999844e-03,-3.420000000000000123e-02,4.950000000000000233e-02,7.942096700494146247e-03,-2.530000000000000131e-03,-1.610000000000000098e+00,1.840000000000000080e+00,6.649103623797723017e-01,3.210999999999999965e-01,3.610064542359318982e-03,1.286999999999999922e+01,1.633999999999999986e+01,6.315385973952819532e-01,1.469099999999999895e+01,4.860000000000000142e+01,5.192000000000000171e+01,6.257348559893398665e-01,5.017670000000000385e+01,7.240999999999999659e+01,7.829999999999999716e+01,1.092371749909342826e+00,7.510139999999999816e+01,5.228412578498371488e+01,8.740000000000000213e+00,8.990000000000000213e+00,4.809407447908731897e-02,8.833600000000000563e+00,-1.399499999999999886e+02,-1.394799999999999898e+02,6.912676760850212931e-02,-1.396793000000000120e+02,1.588350075374127357e+02
6.308300000000000018e+00,6.437700000000000422e+00,2.647214128097690605e-02,6.380855999999998751e+00,-1.614400000000000057e+00,-1.492099999999999982e+00,2.274549825789709892e-02,-1.547647000000000439e+00,-7.600699999999999790e+00,-7.453500000000000014e+00,2.936331553145864540e-02,-7.532648999999999262e+00,6.243299999999999628e+00,6.279600000000000293e+00,6.628025045215233529e-03,6.258977999999999930e+00,9.992564009629662181e+00,-1.525700000000000056e+00,-1.499200000000000088e+00,6.631848837239893817e-03,-1.513040999999999858e+00,-7.408800000000000274e+00,-7.377900000000000347e+00,5.816709035184776735e-03,-7.396364000000000161e+00,-5.890000000000000097e-02,5.899999999999999689e-02,2.278246103914149251e-02,5.563000000000000236e-03,9.806645659585186081e+00,-7.099999999999999367e-02,2.500000000000000139e-02,1.745069786570152895e-02,-6.587999999999999239e-03,-4.270000000000000184e-02,5.550000000000000072e-02,2.196371323342207610e-02,3.048999999999999627e-03,-9.100000000000000450e-03,5.700000000000000205e-03,2.735238746435126028e-03,-2.369999999999999874e-04,9.145770279205578043e-03,-1.140000000000000041e-02,1.170000000000000033e-02,4.373151152201350082e-03,-1.393000000000000141e-03,-8.000000000000000167e-03,5.100000000000000366e-03,3.008744588694759869e-03,-1.415999999999999724e-03,-9.499999999999999556e-01,1.949999999999999956e+00,5.743545594839480906e-01,4.678000000000001046e-01,2.000418456223596996e-03,1.303999999999999915e+01,1.646000000000000085e+01,6.294055608270394675e-01,1.450079999999999991e+01,4.886999999999999744e+01,5.177000000000000313e+01,5.321597128682331590e-01,5.026979999999999649e+01,7.232999999999999829e+01,7.825000000000000000e+01,1.142957790121752693e+00,7.555069999999999197e+01,5.232155224685141803e+01,8.800000000000000711e+00,8.949999999999999289e+00,3.894547470502823100e-02,8.874499999999997613e+00,-1.398499999999999943e+02,-1.396299999999999955e+02,4.976052652454677344e-02,-1.397616999999999905e+02,1.591225873583947816e+02
6.214999999999999858e+00,6.638700000000000045e+00,6.238161404612741628e-02,6.401276999999998552e+00,-1.687899999999999956e+00,-1.374300000000000077e+00,4.505045171804605841e-02,-1.528799999999999937e+00,-7.635200000000000209e+00,-7.410499999999999865e+00,3.819499939782700082e-02,-7.523210999999999871e+00,6.230000000000000426e+00,6.315299999999999692e+00,1.864206093756801477e-02,6.276142000000000110e+00,9.995613058799841966e+00,-1.553500000000000103e+00,-1.444800000000000084e+00,2.619682469308064893e-02,-1.503576000000000246e+00,-7.419500000000000206e+00,-7.348499999999999588e+00,1.387791929649396377e-02,-7.383666000000000729e+00,-2.349999999999999867e-01,1.950000000000000067e-01,5.207743469104444967e-02,-2.085999999999999313e-03,9.806590783319963478e+00,-1.023000000000000020e-01,8.630000000000000171e-02,2.890402920009596532e-02,8.360000000000003713e-04,-8.809999999999999776e-02,1.103999999999999981e-01,3.178286242615663976e-02,-4.083999999999999957e-03,-2.149999999999999828e-02,2.620000000000000107e-02,6.216836494552514282e-03,1.087999999999999991e-03,4.661474873899891340e-03,-4.689999999999999725e-02,5.800000000000000294e-02,1.288092776161717419e-02,4.100000000000002080e-04,-3.400000000000000244e-02,2.750000000000000014e-02,8.000578979048954265e-03,2.440000000000001304e-04,-8.599999999999999867e-01,1.540000000000000036e+00,6.021180615128565172e-01,4.271999999999999686e-01,1.188015151418532825e-03,1.316999999999999993e+01,1.667999999999999972e+01,5.819719580873291553e-01,1.442920000000000158e+01,4.847999999999999687e+01,5.146999999999999886e+01,6.931839582679334422e-01,5.008399999999999608e+01,7.179000000000000625e+01,7.815000000000000568e+01,1.097107446880204451e+00,7.544249999999999545e+01,5.212284881393185998e+01,8.470000000000000639e+00,9.109999999999999432e+00,1.545047248468473522e-01,8.822300000000000253e+00,-1.399799999999999898e+02,-1.393199999999999932e+02,1.365683345435533824e-01,-1.396403000000000247e+02,1.589616845898092379e+02
6.160700000000000287e+00,6.479700000000000237e+00,3.780815409405755001e-02,6.393877999999999950e+00,-1.605199999999999960e+00,-1.472800000000000109e+00,2.395559024528512437e-02,-1.554464000000000068e+00,-7.662700000000000067e+00,-7.461999999999999744e+00,3.358510717565155179e-02,-7.518824000000000396e+00,6.224300000000000388e+00,6.295200000000000351e+00,1.662517560809510797e-02,6.278556000000000914e+00,9.991533843667648185e+00,-1.549700000000000077e+00,-1.502199999999999980e+00,9.198979236850139685e-03,-1.528790999999999567e+00,-7.421199999999999797e+00,-7.362899999999999778e+00,1.355773354952810768e-02,-7.376481000000000066e+00,-2.051999999999999935e-01,1.610000000000000042e-01,3.664423145598772608e-02,3.490000000000002974e-04,9.806627315758360552e+00,-5.750000000000000250e-02,4.170000000000000095e-02,1.649419607013327682e-02,3.464000000000000499e-03,-9.790000000000000091e-02,5.689999999999999919e-02,2.183919183486421681e-02,-2.530000000000000131e-03,-1.609999999999999973e-02,2.309999999999999901e-02,4.509009203805198866e-03,2.939999999999999363e-04,4.303718973167276578e-03,-3.960000000000000325e-02,2.079999999999999905e-02,5.586814745452009859e-03,-2.010000000000000068e-04,-2.779999999999999832e-02,2.359999999999999945e-02,6.046964858505463059e-03,1.039999999999999258e-04,-8.399999999999999689e-01,1.949999999999999956e+00,6.104265639698193135e-01,5.678999999999999604e-01,3.710161721542606819e-04,1.323000000000000043e+01,1.635999999999999943e+01,6.931959246850777356e-01,1.473209999999999731e+01,4.847999999999999687e+01,5.186999999999999744e+01,6.024793689413772135e-01,4.999190000000000822e+01,7.237999999999999545e+01,7.792000000000000171e+01,1.240545621893850869e+00,7.523159999999998604e+01,5.212050792567161750e+01,8.820000000000000284e+00,9.080000000000000071e+00,5.535873914749133567e-02,8.967900000000000205e+00,-1.400099999999999909e+02,-1.394600000000000080e+02,1.281836182981275218e-01,-1.395963999999999601e+02,1.588312682123075774e+02
6.136400000000000077e+00,6.493900000000000006e+00,4.635747728252694044e-02,6.377809999999999313e+00,-1.743400000000000061e+00,-1.272699999999999942e+00,5.068302353845912517e-02,-1.622805000000000275e+00,-7.597400000000000375e+00,-7.415000000000000036e+00,3.111214700080989007e-02,-7.508397000000001320e+00,6.237300000000000288e+00,6.277800000000000047e+00,7.392974705759489118e-03,6.267495000000000260e+00,9.984286753380736457e+00,-1.627299999999999969e+00,-1.512299999999999978e+00,2.423624649156712677e-02,-1.599833999999999978e+00,-7.412300000000000111e+00,-7.359200000000000408e+00,9.712630745580673464e-03,-7.370802000000000298e+00,-1.323999999999999899e-01,8.010000000000000453e-02,2.600993462121733296e-02,-4.898999999999998842e-03,9.806614325330887283e+00,-1.371999999999999886e-01,1.759999999999999898e-01,3.199795948181696770e-02,3.416999999999999465e-03,-8.550000000000000655e-02,8.350000000000000477e-02,2.576315656126011711e-02,-3.041999999999999565e-03,-2.690000000000000030e-02,2.779999999999999832e-02,6.780301689453057008e-03,1.053000000000000116e-03,6.702973519267397401e-03,-1.540000000000000049e-02,3.749999999999999861e-02,6.987601591390282633e-03,1.168000000000000201e-03,-2.599999999999999881e-02,2.429999999999999868e-02,6.748781445564822588e-03,1.693000000000000060e-03,-7.199999999999999734e-01,2.049999999999999822e+00,6.279165868170707432e-01,7.273999999999998245e-01,2.310688641942051143e-03,1.336999999999999922e+01,1.664000000000000057e+01,5.854429007170554033e-01,1.529189999999999827e+01,4.860000000000000142e+01,5.181000000000000227e+01,5.594032534764163955e-01,4.982399999999998386e+01,7.167000000000000171e+01,7.823000000000000398e+01,1.101828385003762900e+00,7.477609999999999957e+01,5.212295360366676533e+01,8.869999999999999218e+00,9.539999999999999147e+00,1.442593151238422966e-01,9.386499999999998067e+00,-1.399199999999999875e+02,-1.395399999999999920e+02,7.017862922570999862e-02,-1.396263999999999896e+02,1.586666413913775386e+02
6.273699999999999832e+00,6.549000000000000377e+00,3.058714834697738583e-02,6.387465999999998090e+00,-1.767099999999999893e+00,-1.548300000000000010e+00,2.950106513331340538e-02,-1.625565999999999844e+00,-7.626999999999999780e+00,-7.424000000000000377e+00,3.358105334857733326e-02,-7.507215999999999667e+00,6.251900000000000013e+00,6.288700000000000401e+00,6.102699320792427835e-03,6.268931000000000253e+00,9.990018958548974481e+00,-1.612600000000000033e+00,-1.561500000000000110e+00,8.630054229261824653e-03,-1.594642000000000115e+00,-7.385299999999999976e+00,-7.360999999999999766e+00,4.708428612605284821e-03,-7.370750000000000135e+00,-8.440000000000000280e-02,6.329999999999999516e-02,2.119635780033918629e-02,-2.960000000000002018e-04,9.806647467581619537e+00,-6.119999999999999746e-02,7.749999999999999944e-02,2.072387714690472962e-02,1.540000000000007075e-04,-7.679999999999999327e-02,5.580000000000000238e-02,2.119771534859358347e-02,2.920000000000002672e-04,-1.480000000000000066e-02,1.119999999999999989e-02,3.407326664703576920e-03,-5.550000000000000462e-04,4.433914748842161628e-04,-2.580000000000000002e-02,3.180000000000000188e-02,6.208886776226475723e-03,-8.499999999999996545e-05,-2.400000000000000050e-02,2.580000000000000002e-02,4.625924664323878902e-03,6.100000000000006648e-05,-2.500000000000000000e-01,1.909999999999999920e+00,4.850286074037283290e-01,6.164999999999999369e-01,5.647751765083163173e-04,1.347000000000000064e+01,1.651000000000000156e+01,5.973748822975402106e-01,1.520349999999999824e+01,4.865999999999999659e+01,5.171999999999999886e+01,5.439670578261148748e-01,4.993280000000000030e+01,7.192000000000000171e+01,7.845000000000000284e+01,1.210597852302736976e+00,7.475219999999998777e+01,5.219972222473983692e+01,9.160000000000000142e+00,9.470000000000000639e+00,5.476595657888214119e-02,9.358699999999998909e+00,-1.397599999999999909e+02,-1.394799999999999898e+02,4.703732560424430525e-02,-1.396142999999999574e+02,1.586430882043714234e+02
6.185999999999999943e+00,6.545300000000000118e+00,5.300861594118452813e-02,6.386006000000000071e+00,-1.800799999999999956e+00,-1.491700000000000026e+00,4.555407463663376649e-02,-1.597077999999999998e+00,-7.643299999999999983e+00,-7.421000000000000263e+00,4.609476326004937480e-02,-7.517059999999998965e+00,6.197400000000000020e+00,6.304199999999999804e+00,2.371435270042177718e-02,6.266625999999998697e+00,9.991892804354939983e+00,-1.647100000000000009e+00,-1.514799999999999924e+00,2.491584034304282144e-02,-1.565730000000000288e+00,-7.419699999999999740e+00,-7.351600000000000357e+00,1.653977082670737841e-02,-7.378809000000000395e+00,-1.491000000000000103e-01,1.489000000000000046e-01,4.131123260083145732e-02,-2.810000000000009213e-04,9.806576064827979167e+00,-1.004000000000000031e-01,9.479999999999999538e-02,3.290981402256779043e-02,-2.129000000000000250e-03,-8.930000000000000437e-02,8.780000000000000304e-02,3.128758060317224365e-02,3.410000000000000704e-03,-1.720000000000000001e-02,1.770000000000000046e-02,6.650005714283258908e-03,-1.368000000000000292e-03,4.029851362023169348e-03,-2.270000000000000143e-02,2.610000000000000167e-02,8.320317542017252946e-03,-9.540000000000000953e-04,-2.460000000000000034e-02,4.390000000000000152e-02,7.999658680218801193e-03,2.309999999999998957e-04,-1.090000000000000080e+00,2.459999999999999964e+00,6.486988438404990287e-01,7.240999999999999659e-01,1.683716425055003163e-03,1.313000000000000078e+01,1.642000000000000171e+01,6.592284202004643490e-01,1.502669999999999817e+01,4.839999999999999858e+01,5.134000000000000341e+01,6.104069052689364838e-01,4.986209999999999809e+01,7.253000000000000114e+01,7.829999999999999716e+01,1.183883457102091308e+00,7.499859999999999616e+01,5.208219513528592870e+01,8.890000000000000568e+00,9.669999999999999929e+00,1.512395120330663478e-01,9.188100000000002154e+00,-1.401299999999999955e+02,-1.394300000000000068e+02,1.699382240698065205e-01,-1.396590000000000202e+02,1.587886880875649922e+02
5.902999999999999581e+00,6.697499999999999787e+00,1.397702006294617993e-01,6.331195999999998492e+00,-1.787700000000000067e+00,-1.378500000000000059e+00,1.010823110341270287e-01,-1.543214000000000086e+00,-7.868299999999999628e+00,-7.369799999999999685e+00,8.382818534955886747e-02,-7.597328999999999333e+00,6.008799999999999919e+00,6.311399999999999899e+00,8.445103490188855810e-02,6.192851999999999357e+00,1.000924373638952680e+01,-1.740799999999999903e+00,-1.381799999999999917e+00,9.040212308900714977e-02,-1.496121000000000034e+00,-7.572600000000000442e+00,-7.344299999999999606e+00,5.717165622054344587e-02,-7.453994999999999038e+00,-2.974999999999999867e-01,2.746999999999999997e-01,7.584624364462620727e-02,5.555000000000000909e-03,9.805704227671256490e+00,-1.054999999999999966e-01,1.388999999999999957e-01,4.269138174151780596e-02,-1.396500000000000345e-02,-1.193000000000000033e-01,1.448000000000000120e-01,4.421684457308096977e-02,8.183999999999998567e-03,-5.859999999999999931e-02,1.310999999999999943e-01,3.152465148102354814e-02,7.893000000000000710e-03,1.711306828128726296e-02,-7.499999999999999722e-02,5.310000000000000137e-02,2.039345002690815326e-02,-3.214000000000000277e-03,-1.322000000000000119e-01,3.930000000000000160e-02,2.932729232302225611e-02,-9.905000000000002344e-03,-7.600000000000000089e-01,2.120000000000000107e+00,6.013803787953179159e-01,6.458000000000001517e-01,1.306668550168710481e-02,1.353999999999999915e+01,1.946000000000000085e+01,1.318877928392161669e+00,1.532509999999999906e+01,4.864999999999999858e+01,5.210999999999999943e+01,6.770487722461359104e-01,5.011639999999998452e+01,6.848999999999999488e+01,7.698000000000000398e+01,1.922201092497869412e+00,7.394639999999999702e+01,5.241115622279286868e+01,8.099999999999999645e+00,9.929999999999999716e+00,5.143364268647515614e-01,8.760199999999999321e+00,-1.415600000000000023e+02,-1.393300000000000125e+02,5.903891597920817302e-01,-1.402891999999999939e+02,1.588265431646738648e+02
5.963799999999999990e+00,6.677299999999999791e+00,1.679258832461511808e-01,6.278556000000000026e+00,-2.850299999999999834e+00,-1.368600000000000039e+00,5.133463076871206399e-01,-2.222128000000000103e+00,-7.560900000000000176e+00,-7.184400000000000119e+00,8.700492112518695698e-02,-7.399209999999998288e+00,5.991200000000000081e+00,6.441399999999999793e+00,1.344014677152001735e-01,6.174926000000000137e+00,9.955221088334502255e+00,-2.777699999999999836e+00,-1.505100000000000104e+00,5.074244149614798305e-01,-2.200051000000000201e+00,-7.355699999999999683e+00,-7.184300000000000352e+00,5.364165801874504896e-02,-7.274754999999998084e+00,-1.917999999999999983e-01,2.962000000000000188e-01,7.149652089437638636e-02,-5.050000000000001536e-03,9.792445854744460831e+00,-1.489999999999999936e-01,1.632000000000000117e-01,6.084100770861704949e-02,1.179100000000000460e-02,-1.244999999999999996e-01,1.786000000000000087e-01,4.997597521809854504e-02,-4.649000000000000354e-03,-1.183000000000000024e-01,1.312000000000000111e-01,4.235247868779346697e-02,-2.192999999999999203e-03,1.364343732348999999e-02,-7.199999999999999456e-02,6.859999999999999432e-02,2.399979074908779181e-02,2.962000000000000223e-03,-1.223999999999999949e-01,1.083999999999999964e-01,3.619655779214371594e-02,4.202000000000000006e-03,-1.060000000000000053e+00,3.279999999999999805e+00,1.164535632773853857e+00,1.117399999999999949e+00,5.589230447923933774e-03,1.601000000000000156e+01,2.371999999999999886e+01,2.401151182245716331e+00,2.024299999999999855e+01,4.625999999999999801e+01,5.020000000000000284e+01,8.414992038023565435e-01,4.841969999999999175e+01,6.687000000000000455e+01,7.306000000000000227e+01,1.304285490220603361e+00,7.018439999999999657e+01,5.249280883940199516e+01,8.830000000000000071e+00,1.644999999999999929e+01,3.041448595653064579e+00,1.298620000000000196e+01,-1.405399999999999920e+02,-1.382100000000000080e+02,5.429252158446876697e-01,-1.396788999999999987e+02,1.568588107152734494e+02
6.152300000000000324e+00,6.624600000000000044e+00,7.818376227836569548e-02,6.395453999999999972e+00,-1.812799999999999967e+00,-1.456499999999999906e+00,5.403559659150623806e-02,-1.641148999999999969e+00,-7.658699999999999619e+00,-7.379100000000000215e+00,4.907583416509600505e-02,-7.495848999999999762e+00,6.216000000000000192e+00,6.324799999999999756e+00,2.109941447054868024e-02,6.279653000000000596e+00,9.989141811843399665e+00,-1.652600000000000069e+00,-1.543800000000000061e+00,2.693041200947360325e-02,-1.608646999999999938e+00,-7.405300000000000438e+00,-7.325899999999999856e+00,1.620791692352850297e-02,-7.358476999999998824e+00,-1.648000000000000020e-01,1.575000000000000011e-01,4.572160682871938969e-02,-4.336999999999998842e-03,9.806577931702120665e+00,-1.170000000000000068e-01,9.869999999999999607e-02,3.937125371384558176e-02,-5.591000000000001351e-03,-1.126999999999999946e-01,8.880000000000000393e-02,3.538596437854986398e-02,-1.154999999999999994e-03,-5.650000000000000161e-02,2.350000000000000006e-02,1.280133196194833435e-02,-2.430000000000000302e-03,7.169579834272019232e-03,-6.279999999999999472e-02,6.379999999999999560e-02,1.820881720485984651e-02,-9.239999999999996914e-04,-3.760000000000000148e-02,7.689999999999999614e-02,1.703059294328885045e-02,2.047999999999999040e-03,-1.189999999999999947e+00,1.360000000000000098e+00,6.053304139063226952e-01,2.197000000000000342e-01,3.309528667348266440e-03,1.541999999999999993e+01,1.858999999999999986e+01,6.328643140515982646e-01,1.698260000000000147e+01,4.720000000000000284e+01,5.096000000000000085e+01,6.611848153126322902e-01,4.934080000000000155e+01,6.875000000000000000e+01,7.434000000000000341e+01,1.157124068542350059e+00,7.180829999999998847e+01,5.218209956958421714e+01,9.070000000000000284e+00,9.679999999999999716e+00,1.535229950202900706e-01,9.441299999999998249e+00,-1.400500000000000114e+02,-1.391999999999999886e+02,1.596676548334082790e-01,-1.395232000000000028e+02,1.572014422097329316e+02
6.302699999999999747e+00,6.579500000000000348e+00,3.707356442264489460e-02,6.390189000000000341e+00,-1.738399999999999945e+00,-1.463600000000000012e+00,3.457289088288682810e-02,-1.660204000000000013e+00,-7.608600000000000030e+00,-7.395400000000000418e+00,3.463162306332175089e-02,-7.502621999999999680e+00,6.243199999999999861e+00,6.281699999999999839e+00,6.106611499022993571e-03,6.270135999999999932e+00,9.994004685421206347e+00,-1.679200000000000026e+00,-1.558100000000000041e+00,2.104396775800609909e-02,-1.637588999999999739e+00,-7.375899999999999679e+00,-7.351799999999999891e+00,5.279599984847345440e-03,-7.360268000000001365e+00,-9.410000000000000309e-02,1.351999999999999869e-01,2.494137387956004218e-02,1.436999999999999693e-03,9.806622671605195407e+00,-5.790000000000000008e-02,1.028000000000000025e-01,2.339089265077329283e-02,8.120999999999999747e-03,-5.940000000000000141e-02,9.160000000000000087e-02,2.363849707574489784e-02,-2.316000000000000350e-03,-3.729999999999999982e-02,3.239999999999999825e-02,7.320918726498744887e-03,1.542999999999999884e-03,8.566181529713222040e-03,-1.499999999999999944e-02,1.990000000000000102e-02,5.148859679579547571e-03,2.619999999999999174e-04,-1.370000000000000037e-02,2.179999999999999993e-02,5.057805848389200325e-03,1.620000000000000129e-03,-9.599999999999999645e-01,1.919999999999999929e+00,5.912460063290069234e-01,5.504000000000000004e-01,2.252530354956398459e-03,1.550000000000000000e+01,1.880999999999999872e+01,6.356844736187914346e-01,1.706349999999999767e+01,4.770000000000000284e+01,5.060999999999999943e+01,5.418892875855728652e-01,4.940999999999999659e+01,6.906000000000000227e+01,7.421999999999999886e+01,1.149051156389478967e+00,7.189879999999999427e+01,5.227632420522694900e+01,9.160000000000000142e+00,9.880000000000000782e+00,1.246434916070630894e-01,9.612000000000001876e+00,-1.397199999999999989e+02,-1.395000000000000000e+02,4.406120742785061412e-02,-1.395730999999999824e+02,1.572974196515950780e+02
6.316799999999999748e+00,6.488400000000000389e+00,3.165446715710123343e-02,6.403052999999999884e+00,-1.752899999999999903e+00,-1.545900000000000052e+00,2.921542570287142052e-02,-1.656151000000000151e+00,-7.594500000000000028e+00,-7.352699999999999569e+00,4.183974515935776073e-02,-7.483225000000000904e+00,6.254699999999999704e+00,6.309099999999999930e+00,1.360917613230131981e-02,6.279695000000000249e+00,9.987020589556982131e+00,-1.649599999999999955e+00,-1.603799999999999892e+00,7.763185171049323714e-03,-1.629934000000000438e+00,-7.380499999999999616e+00,-7.330300000000000260e+00,1.124734079682841552e-02,-7.353825000000000500e+00,-7.349999999999999589e-02,5.430000000000000104e-02,1.976222659519923791e-02,6.540000000000001541e-03,9.806630219805679616e+00,-5.859999999999999931e-02,6.859999999999999432e-02,2.111137539337501132e-02,4.773000000000000333e-03,-6.719999999999999585e-02,5.859999999999999931e-02,2.481404866199790268e-02,6.700000000000001581e-05,-2.500000000000000139e-02,4.109999999999999765e-02,7.965253228868495600e-03,4.290000000000000193e-04,8.096765897566755854e-03,-1.679999999999999896e-02,3.860000000000000236e-02,6.650404123058988731e-03,-5.850000000000001249e-04,-1.420000000000000082e-02,1.650000000000000078e-02,4.799359436424823801e-03,4.930000000000000571e-04,-1.429999999999999938e+00,1.959999999999999964e+00,6.229372038977926129e-01,3.781999999999999806e-01,8.771060369191402721e-04,1.500999999999999979e+01,1.832999999999999829e+01,6.260742767435825140e-01,1.681899999999999906e+01,4.785000000000000142e+01,5.099000000000000199e+01,6.168920407980637011e-01,4.943389999999999418e+01,6.978000000000000114e+01,7.496999999999999886e+01,1.028745153087002207e+00,7.223210000000000264e+01,5.221812200232786694e+01,9.410000000000000142e+00,9.689999999999999503e+00,4.840454524112371842e-02,9.567000000000000171e+00,-1.397199999999999989e+02,-1.392800000000000011e+02,1.043898462495295859e-01,-1.395074000000000183e+02,1.573890670096560029e+02
6.144899999999999807e+00,6.707099999999999618e+00,9.662228407049795742e-02,6.419639000000000095e+00,-1.920500000000000096e+00,-1.265300000000000091e+00,1.307529429879113470e-01,-1.533989999999999965e+00,-7.655300000000000438e+00,-7.284099999999999575e+00,6.819651207356579314e-02,-7.509229000000000376e+00,6.182199999999999918e+00,6.403999999999999915e+00,4.994540295162307186e-02,6.287182000000000492e+00,9.997670247855850789e+00,-1.727899999999999991e+00,-1.320599999999999996e+00,1.189335346948034028e-01,-1.504984999999999795e+00,-7.457799999999999763e+00,-7.308399999999999785e+00,3.281584487713210679e-02,-7.372855000000000381e+00,-1.776999999999999968e-01,2.801000000000000156e-01,6.476454489147592808e-02,9.385000000000002715e-03,9.805744653129309540e+00,-1.827000000000000013e-01,1.194000000000000061e-01,4.977883143465704208e-02,-8.120999999999999747e-03,-1.053000000000000047e-01,1.907999999999999974e-01,4.436649784465751534e-02,1.108699999999999790e-02,-4.590000000000000330e-02,5.689999999999999919e-02,1.606071838368383978e-02,-1.295000000000000144e-03,1.664182787436524480e-02,-6.400000000000000133e-02,7.370000000000000162e-02,2.128929646559509989e-02,-2.216000000000000088e-03,-5.229999999999999927e-02,7.389999999999999347e-02,2.154109493503057748e-02,-3.276999999999999531e-03,-1.479999999999999982e+00,2.379999999999999893e+00,7.757426055077805138e-01,2.420999999999999264e-01,4.162500450450425625e-03,1.410999999999999943e+01,1.801000000000000156e+01,7.687579332923987208e-01,1.626820000000000022e+01,4.790999999999999659e+01,5.142000000000000171e+01,7.153006640567307617e-01,4.948360000000001691e+01,6.945999999999999375e+01,7.528000000000000114e+01,1.304542831799707647e+00,7.223999999999999488e+01,5.208972655533911222e+01,7.730000000000000426e+00,1.015000000000000036e+01,7.038274220290084981e-01,8.833600000000000563e+00,-1.403199999999999932e+02,-1.388000000000000114e+02,3.367928740338790305e-01,-1.395483999999999867e+02,1.573861684885937109e+02
6.131499999999999950e+00,6.653400000000000425e+00,7.945996130756675935e-02,6.413306999999999647e+00,-1.706700000000000106e+00,-1.291600000000000081e+00,9.664830781757123568e-02,-1.497986000000000262e+00,-7.794400000000000439e+00,-7.336999999999999744e+00,5.866724455775986641e-02,-7.525704000000001059e+00,6.173099999999999810e+00,6.371100000000000207e+00,3.832059408464331268e-02,6.280737000000000236e+00,1.000053445712083011e+01,-1.621699999999999919e+00,-1.308699999999999974e+00,8.430461350958202982e-02,-1.454279000000000321e+00,-7.472800000000000331e+00,-7.318500000000000227e+00,2.718903475668085420e-02,-7.389082999999999402e+00,-1.552000000000000046e-01,1.671999999999999875e-01,5.858397954219225073e-02,1.042899999999999730e-02,9.806178269534925107e+00,-1.333999999999999908e-01,1.549000000000000099e-01,4.694705779918481592e-02,-8.958000000000000684e-03,-1.368000000000000049e-01,1.414999999999999869e-01,4.429608031191924894e-02,8.363000000000000642e-03,-6.429999999999999605e-02,4.250000000000000305e-02,1.566518802951308645e-02,-2.199999999999991811e-05,1.609191020357744750e-02,-5.559999999999999665e-02,3.810000000000000192e-02,1.619509737544050712e-02,-3.760999999999999153e-03,-4.009999999999999676e-02,6.779999999999999916e-02,1.658252728024290149e-02,-5.829999999999998595e-04,-1.429999999999999938e+00,1.939999999999999947e+00,7.216163177201578849e-01,3.066999999999999726e-01,3.805981345198633081e-03,1.414000000000000057e+01,1.789000000000000057e+01,6.611379886226476099e-01,1.595839999999999748e+01,4.790999999999999659e+01,5.067999999999999972e+01,5.715002974627398924e-01,4.954789999999999139e+01,6.954999999999999716e+01,7.509999999999999432e+01,9.537267690486619376e-01,7.242249999999999943e+01,5.205534544943485287e+01,7.660000000000000142e+00,9.500000000000000000e+00,4.965220136106756055e-01,8.523299999999998988e+00,-1.405200000000000102e+02,-1.389600000000000080e+02,2.669572250380208844e-01,-1.396328000000000031e+02,1.575277244962930752e+02
